roomnum,roomimgurl,roomname,username,classify
3853457,https://rpic.douyucdn.cn/live-cover/appCovers/2019/08/14/3853457_20190814094651_small.jpg,品 你细品,歌神韦爵爷,颜值
8332732,https://rpic.douyucdn.cn/live-cover/appCovers/2020/04/05/8332732_20200405022935_small.jpg,可爱小萌新,超a甜崽,颜值
3866447,https://rpic.douyucdn.cn/live-cover/appCovers/2018/04/12/3866447_20180412205544_small.jpg,情怀大哥俱乐部,十二月老铁,颜值
8404181,https://rpic.douyucdn.cn/live-cover/appCovers/2020/03/30/8404181_20200330075149_small.jpg,恋爱么？选我超甜,你的小丸子丶,颜值
7589922,https://rpic.douyucdn.cn/asrpic/200429/7589922_1521.png/dy1,帮帮孩子 众筹一波渡劫吧~,伊贰妹,颜值
8342040,https://rpic.douyucdn.cn/asrpic/200429/8342040_1521.png/dy1,所有的美好都将与你不柒而遇,柒梦欧尼,颜值
8571309,https://rpic.douyucdn.cn/asrpic/200429/8571309_1522.png/dy1,又是素颜新人开播的一天,古月任性,颜值
8439538,https://rpic.douyucdn.cn/asrpic/200429/8439538_1521.png/dy1,日常营业的小姐在线,小Amy艾米,颜值
7225679,https://rpic.douyucdn.cn/asrpic/200429/7225679_1520.png/dy1,听说本人比照片好看哦~,橙子嗯哼,颜值
8114978,https://rpic.douyucdn.cn/asrpic/200429/8114978_1521.png/dy1,欢迎大家哦！！！！,陈二仙儿,颜值
8527506,https://rpic.douyucdn.cn/asrpic/200429/8527506_1522.png/dy1,距离您0.5公里 8527506,媛媛xX,颜值
8141359,https://rpic.douyucdn.cn/asrpic/200429/8141359_1521.png/dy1,月底冲冲冲 8141359,晚柠cc,颜值
7893584,https://rpic.douyucdn.cn/asrpic/200429/7893584_1521.png/dy1,成都的凉凉小改改,抱走小酥一,颜值
8544324,https://rpic.douyucdn.cn/asrpic/200429/8544324_1522.png/dy1,你的专属情歌电台,圆圆今天不在家,颜值
7360887,https://rpic.douyucdn.cn/asrpic/200429/7360887_1521.png/dy1,小可爱默默求守护❤,墨墨丶小可爱,颜值
8475647,https://rpic.douyucdn.cn/asrpic/200429/8475647_1521.png/dy1,凉凉主播等待拯救,果汁甜甜呀,颜值
8183728,https://rpic.douyucdn.cn/asrpic/200429/8183728_1521.png/dy1,浙江小改改~,丶乐多丶,颜值
7446649,https://rpic.douyucdn.cn/live-cover/appCovers/2020/03/08/7446649_20200308203716_small.jpg,厦门网友 在线尬聊,蜜桃miki,颜值
8398246,https://rpic.douyucdn.cn/live-cover/appCovers/2020/03/17/8398246_20200317131629_small.jpg,深情歌唱治愈您的内伤,歌神柠檬,颜值
8506851,https://rpic.douyucdn.cn/asrpic/200429/8506851_1522.png/dy1,今日份轮椅主播,霖林不太懂,颜值
8356438,https://rpic.douyucdn.cn/asrpic/200429/8356438_1521.png/dy1,等你好久了知道嘛,锦鲤雪,颜值
6214141,https://rpic.douyucdn.cn/asrpic/200429/6214141_1520.png/dy1,太凉了 凉哭了,奶油爱莉丝,颜值
7328539,https://rpic.douyucdn.cn/asrpic/200429/7328539_1520.png/dy1,成都混武汉的仔~,小了盆了栽,颜值
7675199,https://rpic.douyucdn.cn/live-cover/appCovers/2020/04/25/7675199_20200425184336_small.jpg,粤语气人小天后,xun寻寻,颜值
5591497,https://rpic.douyucdn.cn/asrpic/200429/5591497_1520.png/dy1,健康可爱，没有眼袋~,如花吖丶,颜值
7027893,https://rpic.douyucdn.cn/live-cover/appCovers/2020/04/13/7027893_20200413000341_small.jpg,人间芭比❤️,鲸七七丶,颜值
6600770,https://rpic.douyucdn.cn/asrpic/200429/6600770_1520.png/dy1,那句话会无意间透露的你贫穷气息？,soso文小姐,颜值
5695362,https://rpic.douyucdn.cn/live-cover/appCovers/2020/04/14/5695362_20200414143536_small.jpg,想要的是偏爱阿,卖火柴的露露,颜值
1853869,https://rpic.douyucdn.cn/asrpic/200429/1853869_1519.png/dy1,野外真人烧烤,顾北宁,颜值
7430970,https://rpic.douyucdn.cn/live-cover/appCovers/2020/04/20/7430970_20200420033047_small.jpg,新人直播第一天 7430970,凌宝宝Oo丶,颜值
6600770,https://rpic.douyucdn.cn/asrpic/200429/6600770_1520.png/dy1,那句话会无意间透露的你贫穷气息？,soso文小姐,颜值
771592,https://rpic.douyucdn.cn/asrpic/200429/771592_1519.png/dy1,只为欢声笑语,周法法法法法,颜值
5688684,https://rpic.douyucdn.cn/asrpic/200429/5688684_1520.png/dy1,小野拯救不开心！,DBD小野吖,颜值
1679707,https://rpic.douyucdn.cn/asrpic/200429/1679707_1519.png/dy1,能赢没必要，,暖心男神六哥,颜值
6345472,https://rpic.douyucdn.cn/asrpic/200429/6345472_1520.png/dy1,你的音乐清吧！~,栖梧灬,颜值
6539854,https://rpic.douyucdn.cn/asrpic/200429/6539854_1520.png/dy1,月底冲流水，有大哥抬一手吗,野生的艾筱筱,颜值
7188934,https://rpic.douyucdn.cn/asrpic/200429/7188934_1520.png/dy1,成都唱歌小姐姐,柠夏小宝宝,颜值
3845571,https://rpic.douyucdn.cn/live-cover/appCovers/2020/04/23/3845571_20200423162020_small.jpg,我多想能多陪你一场 把前半生的风景对你讲,禾苗儿777,颜值
3279944,https://rpic.douyucdn.cn/live-cover/appCovers/2019/10/24/3279944_20191024154340_small.jpg,早上好我来啦,伊娃大姐姐,颜值
6259669,https://rpic.douyucdn.cn/live-cover/appCovers/2019/11/02/6259669_20191102185013_small.jpg,咕咕颖上线 6259669,颖宝ybb,颜值
4876633,https://rpic.douyucdn.cn/asrpic/200429/4876633_1520.png/dy1,新人第一天。。 4876633,优优崽Zz,颜值
910907,https://rpic.douyucdn.cn/live-cover/appCovers/2020/03/28/910907_20200328140623_small.jpg,过气气人小熊910907,流口水的小熊猫,颜值
5768365,https://rpic.douyucdn.cn/live-cover/appCovers/2020/03/13/5768365_20200313074148_small.jpg,祝我头哥生日快乐,浩家郡丶甘肃小浩哥,颜值
7727075,https://rpic.douyucdn.cn/asrpic/200429/7727075_1521.png/dy1,亦可不才  自认是匹千里马 却不遇伯乐,陳亦可,颜值
511452,https://rpic.douyucdn.cn/live-cover/appCovers/2020/02/06/511452_20200206212829_small.jpg,晋级赛24冲呀,心心心念念,颜值
7617185,https://rpic.douyucdn.cn/asrpic/200429/7617185_1521.png/dy1,173新人模特小姐姐，记得关注喔,十六不太酸,颜值
8318839,https://rpic.douyucdn.cn/live-cover/appCovers/2020/04/17/8318839_20200417124213_small.jpg,今天只想过四星,一个梁梁梁,颜值
7359243,https://rpic.douyucdn.cn/asrpic/200429/7359243_1520.png/dy1,花月诗酒茶，星河寻年华7359243,最美皮皮陌吖,颜值
2228580,https://rpic.douyucdn.cn/live-cover/appCovers/2020/03/02/2228580_20200302161155_small.jpg,一个小主播呀 ～,米米nnn,颜值
2449973,https://rpic.douyucdn.cn/live-cover/appCovers/2020/04/15/2449973_20200415193900_small.jpg,新人主播想要渡劫啊啊啊,Wuli伊凡,颜值
2449973,https://rpic.douyucdn.cn/live-cover/appCovers/2020/04/15/2449973_20200415193900_small.jpg,新人主播想要渡劫啊啊啊,Wuli伊凡,颜值
5765095,https://rpic.douyucdn.cn/asrpic/200429/5765095_1520.png/dy1,纯天然唱跳大姐姐^ ^,蓉儿babe,颜值
7359243,https://rpic.douyucdn.cn/asrpic/200429/7359243_1520.png/dy1,花月诗酒茶，星河寻年华7359243,最美皮皮陌吖,颜值
7839089,https://rpic.douyucdn.cn/asrpic/200429/7839089_1521.png/dy1,一看流水三块五,鱼满满丶,颜值
6494527,https://rpic.douyucdn.cn/asrpic/200429/6494527_1520.png/dy1,一个有味道的直播间6494527,困困不困o,颜值
8183728,https://rpic.douyucdn.cn/asrpic/200429/8183728_1521.png/dy1,浙江小改改~,丶乐多丶,颜值
7872260,https://rpic.douyucdn.cn/asrpic/200429/7872260_1521.png/dy1,本人比照片好看系列 7872260,sweet甜甜酱,颜值
3311650,https://rpic.douyucdn.cn/live-cover/appCovers/2020/03/16/3311650_20200316122620_small.jpg,你附近的好友,Guard奈琳,颜值
6458138,https://rpic.douyucdn.cn/live-cover/appCovers/2020/04/22/6458138_20200422193033_small.jpg,月底求渡劫吖,姗宝lavender,颜值
6243368,https://rpic.douyucdn.cn/live-cover/appCovers/2020/04/10/6243368_20200410141914_small.jpg,广东唱歌小姐姐~,是小金鱼,颜值
7796460,https://rpic.douyucdn.cn/asrpic/200429/7796460_1521.png/dy1,皮皮夏天籁之音甜到你油腻,皮皮夏3,颜值
7577649,https://rpic.douyucdn.cn/asrpic/200429/7577649_1521.png/dy1,想做你的小朋友 7577649,欧尼熊ii,颜值
7914101,https://rpic.douyucdn.cn/asrpic/200429/7914101_1521.png/dy1,今天是元气的憨憨唱歌主播~,沐青弦丶,颜值
8532659,https://rpic.douyucdn.cn/asrpic/200429/8532659_1522.png/dy1,告诉桃花，今年就在这开了,Li智楠,颜值
7820324,https://rpic.douyucdn.cn/asrpic/200429/7820324_1521.png/dy1,一个唱歌主播,奶思baby不吃鱼,颜值
6458853,https://rpic.douyucdn.cn/asrpic/200429/6458853_1520.png/dy1,做一个快乐的人 6458853,艾玉er,颜值
7788323,https://rpic.douyucdn.cn/live-cover/appCovers/2020/02/22/7788323_20200222200351_small.jpg,世界这么大还是遇见你 7788323,Baby贺思思,颜值
6914178,https://rpic.douyucdn.cn/asrpic/200429/6914178_1520.png/dy1,新人主播，盼君共勉,Li果果吖,颜值
3397784,https://rpic.douyucdn.cn/live-cover/appCovers/2020/03/30/3397784_20200330120157_small.jpg,日久见人心 3397784,睡不醒的李小白,颜值
7723008,https://rpic.douyucdn.cn/live-cover/appCovers/2020/04/21/7723008_20200421132852_small.jpg,铁汁 今天也要开心哦,酥酥就是小酥酥,颜值
7723008,https://rpic.douyucdn.cn/live-cover/appCovers/2020/04/21/7723008_20200421132852_small.jpg,铁汁 今天也要开心哦,酥酥就是小酥酥,颜值
7630841,https://rpic.douyucdn.cn/asrpic/200429/7630841_1521.png/dy1,哥哥过个五星吧,Henry阮,颜值
7835646,https://rpic.douyucdn.cn/asrpic/200429/7835646_1521.png/dy1,君问归期未有期 7835646,一棵柠七,颜值
6746482,https://rpic.douyucdn.cn/asrpic/200429/6746482_1520.png/dy1,第一天直播  诚招大哥粉丝,战斗鸡雯雯,颜值
7556288,https://rpic.douyucdn.cn/asrpic/200429/7556288_1521.png/dy1,我就要做你的偏爱和例外,贝贝bay,颜值
8289562,https://rpic.douyucdn.cn/asrpic/200429/8289562_1521.png/dy1,美女不拽 活该被甩,mikl酱,颜值
8453868,https://rpic.douyucdn.cn/asrpic/200429/8453868_1521.png/dy1,这是一个有香气的直播间,奶凶奶凶滴,颜值
6558863,https://rpic.douyucdn.cn/asrpic/200429/6558863_1520.png/dy1,成都唱歌新人小姐姐~,是99阿丶,颜值
7273875,https://rpic.douyucdn.cn/live-cover/roomCover/2020/04/26/183f68510a8db153d5537f88d7f94f61_big.jpg,新主播第一天 7273875,静静乖球的,颜值
6691747,https://rpic.douyucdn.cn/live-cover/roomCover/2020/02/29/2f64aacb6cdbbc0bde07f1c77c5cc3c0_big.jpg,biu^夏至未至,鹿小贝唄,颜值
6902584,https://rpic.douyucdn.cn/asrpic/200429/6902584_1520.png/dy1,欢迎江浙沪一带留守儿童,爱笑的李梦儿,颜值
4512675,https://rpic.douyucdn.cn/live-cover/appCovers/2020/04/14/4512675_20200414200334_small.jpg,“保护我方猪猪”,猪猪莹妹儿丶,颜值
7731215,https://rpic.douyucdn.cn/asrpic/200429/7731215_1521.png/dy1,一心很甜呦,一心有点甜,颜值
8390948,https://rpic.douyucdn.cn/live-cover/appCovers/2020/04/09/8390948_20200409124851_small.jpg,欢迎来到姐姐的鱼塘,o小赞o,颜值
8530509,https://rpic.douyucdn.cn/asrpic/200429/8530509_1522.png/dy1,你是天赐的礼物 我迟来的救赎,一只小宝妮吖,颜值
7701681,https://rpic.douyucdn.cn/asrpic/200429/7701681_1521.png/dy1,厚爱无需多言~,小苏蘇Ya,颜值
4501909,https://rpic.douyucdn.cn/asrpic/200429/4501909_1520.png/dy1,坐等有缘人 4501909,熬夜要补维C,颜值
4737544,https://rpic.douyucdn.cn/live-cover/appCovers/2020/04/22/4737544_20200422130302_small.jpg,帮帮孩子渡个劫吧！,小简冲冲,颜值
3458077,https://rpic.douyucdn.cn/live-cover/appCovers/2020/04/23/3458077_20200423001504_small.jpg,可甜可盐系的辣女孩,好吃的牙儿丶,颜值
7856418,https://rpic.douyucdn.cn/live-cover/appCovers/2020/01/13/7856418_20200113204355_small.jpg,月底加油咯⛽️,主持人吉豆儿,颜值
6932960,https://rpic.douyucdn.cn/asrpic/200429/6932960_1520.png/dy1,安徽小姐姐了解一哈,是舒雅吖,颜值
7747145,https://rpic.douyucdn.cn/asrpic/200429/7747145_1521.png/dy1,想要好心人呜呜呜 7747145,青台miss,颜值
7436252,https://rpic.douyucdn.cn/asrpic/200429/7436252_1521.png/dy1,天津萌新业余唱歌主播,炑璇,颜值
3953238,https://rpic.douyucdn.cn/live-cover/appCovers/2020/04/10/3953238_20200410193259_small.jpg,盼遇人间惊鸿客,你的楠楠啊丶,颜值
7861456,https://rpic.douyucdn.cn/asrpic/200429/7861456_1521.png/dy1,1米77钢铁直女在线尬聊,悦苏儿,颜值
8502188,https://rpic.douyucdn.cn/asrpic/200429/8502188_1522.png/dy1,世界那么大还是遇见你。 8502188,陈筱诺,颜值
7031548,https://rpic.douyucdn.cn/asrpic/200429/7031548_1520.png/dy1,猪小九在线等你,迷人的猪小九,颜值
8534271,https://rpic.douyucdn.cn/asrpic/200429/8534271_1522.png/dy1,新主播专业回收一手二手大哥,Cc陈清玥,颜值
6625284,https://rpic.douyucdn.cn/asrpic/200429/6625284_1520.png/dy1,唱歌的小仙女等你点歌*(σˇ∀)σ,凤年素锦丶狒,颜值
7639314,https://rpic.douyucdn.cn/live-cover/appCovers/2020/03/13/7639314_20200313192016_small.jpg,入目无他人 四下皆是你7639314,Xiao王子文,颜值
8301816,https://rpic.douyucdn.cn/asrpic/200429/8301816_1521.png/dy1,别翻了就我吧 8301816,金善智,颜值
8629910,https://rpic.douyucdn.cn/live-cover/appCovers/2020/04/25/8629910_20200425123719_small.jpg,新人邻家小妹第4天播,梨梨玛莲,颜值
756836,https://rpic.douyucdn.cn/live-cover/appCovers/2020/03/25/756836_20200325202003_small.jpg,总有些惊奇的际遇，比如我遇见你。,我是你的夏夏啊,颜值
7776530,https://rpic.douyucdn.cn/asrpic/200429/7776530_1521.png/dy1,何其有幸遇见你 7776530,喝冰阔乐的昕昕,颜值
5414881,https://rpic.douyucdn.cn/live-cover/appCovers/2020/04/08/5414881_20200408140401_small.jpg,要吃饱 变漂亮,菜根花小宝贝s,颜值
7685642,https://rpic.douyucdn.cn/asrpic/200429/7685642_1521.png/dy1,【指环王直播间】梦予儿～,梦予儿,颜值
3725015,https://rpic.douyucdn.cn/live-cover/appCovers/2019/06/04/3725015_20190604141835_small.jpg,土家族唱歌小姐姐,熊二抱抱,颜值
7964768,https://rpic.douyucdn.cn/asrpic/200429/7964768_1521.png/dy1,南航小姐姐本人比照片好看,柯柯小姐姐,颜值
5643887,https://rpic.douyucdn.cn/asrpic/200429/5643887_1520.png/dy1,需要陪伴和保护 5643887,婉婉学妹,颜值
8484976,https://rpic.douyucdn.cn/live-cover/appCovers/2020/04/13/8484976_20200413151006_small.jpg,你有晚柠的直播间,你有晚柠,颜值
8579754,https://rpic.douyucdn.cn/asrpic/200429/8579754_1522.png/dy1,愿所有美好如期而至,蓝迪598,颜值
7737457,https://rpic.douyucdn.cn/asrpic/200429/7737457_1521.png/dy1,我值得有一个盖世英雄吗 或许会因你而幸,成都王丽坤,颜值
7183896,https://rpic.douyucdn.cn/live-cover/appCovers/2020/04/07/7183896_20200407211921_small.jpg,全年无休主播求关注,baby甜甜呀,颜值
8341015,https://rpic.douyucdn.cn/asrpic/200429/8341015_1521.png/dy1,花香四溢 人潮拥挤 而你在我眼里♥️,天真是只小狮纸吖,颜值
8566401,https://rpic.douyucdn.cn/asrpic/200429/8566401_1522.png/dy1,不会唱歌的才艺主播来啦！,是你的妙妙吖,颜值
1915776,https://rpic.douyucdn.cn/live-cover/roomCover/2020/04/28/36b72de154cf0c787f7fb1558e5bf15c_big.jpg,萌新主播第一天开播 1915776,Blacksheep鹿,颜值
5455751,https://rpic.douyucdn.cn/live-cover/appCovers/2020/04/02/5455751_20200402094523_small.jpg,认识一哈～,吃饱困zZ,颜值
8250905,https://rpic.douyucdn.cn/live-cover/appCovers/2020/04/28/8250905_20200428122639_small.jpg,悄悄溜进颜值区 8250905,可可爱爱英某人,颜值
8635371,https://rpic.douyucdn.cn/live-cover/appCovers/2020/04/25/8635371_20200425175901_small.jpg,新人主播，唠嗑嗑。。。,谁的皮皮哈,颜值
8461640,https://rpic.douyucdn.cn/live-cover/appCovers/2020/04/29/8461640_20200429143603_small.jpg,新人来惹，广东妹妹请多关照,Doviy叫佩怡,颜值
roomnum,roomimgurl,roomname,username,classify
3853457,https://rpic.douyucdn.cn/live-cover/appCovers/2019/08/14/3853457_20190814094651_small.jpg,品 你细品,歌神韦爵爷,颜值
3866447,https://rpic.douyucdn.cn/live-cover/appCovers/2018/04/12/3866447_20180412205544_small.jpg,情怀大哥俱乐部,十二月老铁,颜值
1851330,https://rpic.douyucdn.cn/asrpic/200429/1851330_1549.png/dy1,模特七七来啦，在线求订阅,是七七baby呀,颜值
8341015,https://rpic.douyucdn.cn/asrpic/200429/8341015_1551.png/dy1,花香四溢 人潮拥挤 而你在我眼里♥️,天真是只小狮纸吖,颜值
8332732,https://rpic.douyucdn.cn/live-cover/appCovers/2020/04/05/8332732_20200405022935_small.jpg,可爱小萌新,超a甜崽,颜值
8506851,https://rpic.douyucdn.cn/asrpic/200429/8506851_1552.png/dy1,今日份轮椅主播,霖林不太懂,颜值
6763236,https://rpic.douyucdn.cn/asrpic/200429/6763236_1550.png/dy1,抓到一只小空姐,小空姐丶楚亦白,颜值
8342040,https://rpic.douyucdn.cn/asrpic/200429/8342040_1551.png/dy1,所有的美好都将与你不柒而遇,柒梦欧尼,颜值
7577649,https://rpic.douyucdn.cn/asrpic/200429/7577649_1551.png/dy1,想做你的小朋友 7577649,欧尼熊ii,颜值
8114978,https://rpic.douyucdn.cn/asrpic/200429/8114978_1551.png/dy1,欢迎大家哦！！！！,陈二仙儿,颜值
7947040,https://rpic.douyucdn.cn/asrpic/200429/7947040_1551.png/dy1,等一份偏爱 7947040,丶余初夏,颜值
6214141,https://rpic.douyucdn.cn/asrpic/200429/6214141_1550.png/dy1,太凉了 凉哭了,奶油爱莉丝,颜值
1915776,https://rpic.douyucdn.cn/live-cover/roomCover/2020/04/28/36b72de154cf0c787f7fb1558e5bf15c_big.jpg,萌新主播第一天开播 1915776,Blacksheep鹿,颜值
8487672,https://rpic.douyucdn.cn/asrpic/200429/8487672_1552.png/dy1,新人主播距你0.01KM,珊珊来迟啦i,颜值
7675199,https://rpic.douyucdn.cn/live-cover/appCovers/2020/04/25/7675199_20200425184336_small.jpg,粤语气人小天后,xun寻寻,颜值
8627665,https://rpic.douyucdn.cn/asrpic/200429/8627665_1547.png/dy1,瑾茹超甜的直播间,瑾茹超甜,颜值
8444057,https://rpic.douyucdn.cn/asrpic/200429/8444057_1552.png/dy1,你是我不愿错过的珍珠,妮珠珠,颜值
3744620,https://rpic.douyucdn.cn/live-cover/appCovers/2020/03/20/3744620_20200320022106_small.jpg,馋哭啦......,赞赞没吃饭,颜值
7690207,https://rpic.douyucdn.cn/live-cover/appCovers/2020/04/16/7690207_20200416133157_small.jpg,万万里挑一的有趣的灵魂,沙拉mm,颜值
4784311,https://rpic.douyucdn.cn/live-cover/appCovers/2020/04/21/4784311_20200421135549_small.jpg,没人要的主播 4784311,Yo可可Yo,颜值
8574361,https://rpic.douyucdn.cn/asrpic/200429/8574361_1552.png/dy1,鹿鹿睡醒了的直播间,鹿鹿睡醒了,颜值
8544324,https://rpic.douyucdn.cn/asrpic/200429/8544324_1552.png/dy1,你的专属情歌电台,圆圆今天不在家,颜值
4501909,https://rpic.douyucdn.cn/asrpic/200429/4501909_1550.png/dy1,坐等有缘人 4501909,熬夜要补维C,颜值
3725015,https://rpic.douyucdn.cn/live-cover/appCovers/2019/06/04/3725015_20190604141835_small.jpg,土家族唱歌小姐姐,熊二抱抱,颜值
910907,https://rpic.douyucdn.cn/live-cover/appCovers/2020/03/28/910907_20200328140623_small.jpg,过气气人小熊910907,流口水的小熊猫,颜值
7446649,https://rpic.douyucdn.cn/live-cover/appCovers/2020/03/08/7446649_20200308203716_small.jpg,厦门网友 在线尬聊,蜜桃miki,颜值
7027893,https://rpic.douyucdn.cn/live-cover/appCovers/2020/04/13/7027893_20200413000341_small.jpg,人间芭比❤️,鲸七七丶,颜值
1853869,https://rpic.douyucdn.cn/asrpic/200429/1853869_1549.png/dy1,野外真人烧烤,顾北宁,颜值
5591497,https://rpic.douyucdn.cn/asrpic/200429/5591497_1550.png/dy1,健康可爱，没有眼袋~,如花吖丶,颜值
5695362,https://rpic.douyucdn.cn/live-cover/appCovers/2020/04/14/5695362_20200414143536_small.jpg,等一个一级的游侠,卖火柴的露露,颜值
1679707,https://rpic.douyucdn.cn/asrpic/200429/1679707_1549.png/dy1,能赢没必要，,暖心男神六哥,颜值
5688684,https://rpic.douyucdn.cn/asrpic/200429/5688684_1550.png/dy1,小野拯救不开心！,DBD小野吖,颜值
6259669,https://rpic.douyucdn.cn/live-cover/appCovers/2019/11/02/6259669_20191102185013_small.jpg,咕咕颖上线 6259669,颖宝ybb,颜值
6539854,https://rpic.douyucdn.cn/asrpic/200429/6539854_1550.png/dy1,月底冲流水，有大哥抬一手吗,野生的艾筱筱,颜值
6345472,https://rpic.douyucdn.cn/asrpic/200429/6345472_1550.png/dy1,你的音乐清吧！~,栖梧灬,颜值
7905573,https://rpic.douyucdn.cn/asrpic/200429/7905573_1551.png/dy1,新人报道7905573,你的樱桃小雪啊,颜值
2228580,https://rpic.douyucdn.cn/live-cover/appCovers/2020/03/02/2228580_20200302161155_small.jpg,一个小主播呀 ～,米米nnn,颜值
3845571,https://rpic.douyucdn.cn/live-cover/appCovers/2020/04/23/3845571_20200423162020_small.jpg,我多想能多陪你一场 把前半生的风景对你讲,禾苗儿777,颜值
8318839,https://rpic.douyucdn.cn/live-cover/appCovers/2020/04/17/8318839_20200417124213_small.jpg,今天只想过四星,一个梁梁梁,颜值
7727075,https://rpic.douyucdn.cn/asrpic/200429/7727075_1551.png/dy1,亦可不才  自认是匹千里马 却不遇伯乐,陳亦可,颜值
2449973,https://rpic.douyucdn.cn/live-cover/appCovers/2020/04/15/2449973_20200415193900_small.jpg,新人主播想要渡劫啊啊啊,Wuli伊凡,颜值
7359243,https://rpic.douyucdn.cn/asrpic/200429/7359243_1551.png/dy1,花月诗酒茶，星河寻年华7359243,最美皮皮陌吖,颜值
511452,https://rpic.douyucdn.cn/live-cover/appCovers/2020/02/06/511452_20200206212829_small.jpg,晋级赛24冲呀,心心心念念,颜值
6458138,https://rpic.douyucdn.cn/live-cover/appCovers/2020/04/22/6458138_20200422193033_small.jpg,月底求渡劫吖,姗宝lavender,颜值
1417930,https://rpic.douyucdn.cn/asrpic/200429/1417930_1549.png/dy1,冷风八卦：人生总要有所改变,小象丶冷风,颜值
7839089,https://rpic.douyucdn.cn/asrpic/200429/7839089_1551.png/dy1,一看流水三块五,鱼满满丶,颜值
6494527,https://rpic.douyucdn.cn/asrpic/200429/6494527_1550.png/dy1,一个有味道的直播间6494527,困困不困o,颜值
8183728,https://rpic.douyucdn.cn/asrpic/200429/8183728_1551.png/dy1,浙江小改改~,丶乐多丶,颜值
594571,https://rpic.douyucdn.cn/asrpic/200429/594571_1549.png/dy1,歌手 594571,Sally阿熊11,颜值
7788323,https://rpic.douyucdn.cn/live-cover/appCovers/2020/02/22/7788323_20200222200351_small.jpg,世界这么大还是遇见你 7788323,Baby贺思思,颜值
594571,https://rpic.douyucdn.cn/asrpic/200429/594571_1549.png/dy1,歌手 594571,Sally阿熊11,颜值
7788323,https://rpic.douyucdn.cn/live-cover/appCovers/2020/02/22/7788323_20200222200351_small.jpg,世界这么大还是遇见你 7788323,Baby贺思思,颜值
6243368,https://rpic.douyucdn.cn/live-cover/appCovers/2020/04/10/6243368_20200410141914_small.jpg,广东唱歌小姐姐~,是小金鱼,颜值
7796460,https://rpic.douyucdn.cn/asrpic/200429/7796460_1551.png/dy1,皮皮夏天籁之音甜到你油腻,皮皮夏3,颜值
7577649,https://rpic.douyucdn.cn/asrpic/200429/7577649_1551.png/dy1,想做你的小朋友 7577649,欧尼熊ii,颜值
7733799,https://rpic.douyucdn.cn/asrpic/200429/7733799_1551.png/dy1,等风等雨只为等你,喵啊喔i,颜值
6147166,https://rpic.douyucdn.cn/asrpic/200429/6147166_1550.png/dy1,别再说我像那谁啦~,柠新,颜值
7723008,https://rpic.douyucdn.cn/live-cover/appCovers/2020/04/21/7723008_20200421132852_small.jpg,铁汁 今天也要开心哦,酥酥就是小酥酥,颜值
7350806,https://rpic.douyucdn.cn/asrpic/200429/7350806_1551.png/dy1,是谁的胖头鱼 7350806,是谁的烤草莓,颜值
4566947,https://rpic.douyucdn.cn/live-cover/appCovers/2019/12/03/4566947_20191203230502_small.jpg,有没有想我 4566947,关晓羽,颜值
3397784,https://rpic.douyucdn.cn/live-cover/appCovers/2020/03/30/3397784_20200330120157_small.jpg,日久见人心 3397784,睡不醒的李小白,颜值
7914101,https://rpic.douyucdn.cn/asrpic/200429/7914101_1551.png/dy1,今天是元气的憨憨唱歌主播~,沐青弦丶,颜值
8453868,https://rpic.douyucdn.cn/asrpic/200429/8453868_1552.png/dy1,这是一个有香气的直播间,奶凶奶凶滴,颜值
8532659,https://rpic.douyucdn.cn/asrpic/200429/8532659_1552.png/dy1,告诉桃花，今年就在这开了,Li智楠,颜值
6914178,https://rpic.douyucdn.cn/asrpic/200429/6914178_1550.png/dy1,新人主播，盼君共勉,Li果果吖,颜值
5768365,https://rpic.douyucdn.cn/live-cover/appCovers/2020/03/13/5768365_20200313074148_small.jpg,祝我头哥生日快乐,浩家郡丶甘肃小浩哥,颜值
7820324,https://rpic.douyucdn.cn/asrpic/200429/7820324_1551.png/dy1,一个唱歌主播,奶思baby不吃鱼,颜值
7273875,https://rpic.douyucdn.cn/live-cover/roomCover/2020/04/26/183f68510a8db153d5537f88d7f94f61_big.jpg,新主播第一天 7273875,静静乖球的,颜值
5765095,https://rpic.douyucdn.cn/asrpic/200429/5765095_1550.png/dy1,纯天然唱跳大姐姐^ ^,蓉儿babe,颜值
5972339,https://rpic.douyucdn.cn/live-cover/appCovers/2020/04/19/5972339_20200419213857_small.jpg,王多鱼 进来投项目啦,凯蒂bb,颜值
7556288,https://rpic.douyucdn.cn/asrpic/200429/7556288_1551.png/dy1,我就要做你的偏爱和例外,贝贝bay,颜值
4876633,https://rpic.douyucdn.cn/asrpic/200429/4876633_1550.png/dy1,新人第一天。。 4876633,优优崽Zz,颜值
6902584,https://rpic.douyucdn.cn/asrpic/200429/6902584_1550.png/dy1,欢迎江浙沪一带留守儿童,爱笑的李梦儿,颜值
8289562,https://rpic.douyucdn.cn/asrpic/200429/8289562_1551.png/dy1,我们羞于表达的感情,mikl酱,颜值
6691747,https://rpic.douyucdn.cn/live-cover/roomCover/2020/02/29/2f64aacb6cdbbc0bde07f1c77c5cc3c0_big.jpg,biu^夏至未至,鹿小贝唄,颜值
8390948,https://rpic.douyucdn.cn/live-cover/appCovers/2020/04/09/8390948_20200409124851_small.jpg,欢迎来到姐姐的鱼塘,o小赞o,颜值
4609493,https://rpic.douyucdn.cn/live-cover/appCovers/2020/04/03/4609493_20200403170411_small.jpg,随缘………………,夏盈er,颜值
6753465,https://rpic.douyucdn.cn/asrpic/200429/6753465_1550.png/dy1,缘分真是奇妙的东西,是沁沁阿,颜值
7872260,https://rpic.douyucdn.cn/asrpic/200429/7872260_1551.png/dy1,本人比照片好看系列 7872260,sweet甜甜酱,颜值
7309881,https://rpic.douyucdn.cn/live-cover/appCovers/2020/04/29/7309881_20200429134132_small.jpg,一个平平无奇的憨憨,哟这不是CC嘛,颜值
4512675,https://rpic.douyucdn.cn/live-cover/appCovers/2020/04/14/4512675_20200414200334_small.jpg,“保护我方猪猪”,猪猪莹妹儿丶,颜值
6704438,https://rpic.douyucdn.cn/asrpic/200429/6704438_1550.png/dy1,新惩罚，新玩法,爱上女团,颜值
2947196,https://rpic.douyucdn.cn/asrpic/200429/2947196_1550.png/dy1,南京小姐姐想做你的初恋  2947196,小景宝can,颜值
7856418,https://rpic.douyucdn.cn/live-cover/appCovers/2020/01/13/7856418_20200113204355_small.jpg,月底加油咯⛽️,主持人吉豆儿,颜值
7731215,https://rpic.douyucdn.cn/asrpic/200429/7731215_1551.png/dy1,一心很甜呦,一心有点甜,颜值
7701681,https://rpic.douyucdn.cn/asrpic/200429/7701681_1551.png/dy1,厚爱无需多言~,小苏蘇Ya,颜值
7162333,https://rpic.douyucdn.cn/asrpic/200429/7162333_1551.png/dy1,湖南小姐姐第一天直播,浅浅cherry丶,颜值
8530509,https://rpic.douyucdn.cn/asrpic/200429/8530509_1552.png/dy1,你是天赐的礼物 我迟来的救赎,一只小宝妮吖,颜值
7144489,https://rpic.douyucdn.cn/asrpic/200429/7144489_1551.png/dy1,总有不期而遇的温柔和生生不息的希望,鹿慢慢丶,颜值
7799826,https://rpic.douyucdn.cn/asrpic/200429/7799826_1551.png/dy1,正能量绿色直播间,Da大乔,颜值
8533390,https://rpic.douyucdn.cn/asrpic/200429/8533390_1552.png/dy1,招财猫来咯~关注她,猫一姐姐,颜值
3458077,https://rpic.douyucdn.cn/live-cover/appCovers/2020/04/23/3458077_20200423001504_small.jpg,可甜可盐系的辣女孩,好吃的牙儿丶,颜值
6932960,https://rpic.douyucdn.cn/asrpic/200429/6932960_1550.png/dy1,安徽小姐姐了解一哈,是舒雅吖,颜值
5643887,https://rpic.douyucdn.cn/asrpic/200429/5643887_1550.png/dy1,需要陪伴和保护 5643887,婉婉学妹,颜值
6746482,https://rpic.douyucdn.cn/asrpic/200429/6746482_1550.png/dy1,第一天直播  诚招大哥粉丝,战斗鸡雯雯,颜值
7639314,https://rpic.douyucdn.cn/live-cover/appCovers/2020/03/13/7639314_20200313192016_small.jpg,入目无他人 四下皆是你7639314,Xiao王子文,颜值
8484976,https://rpic.douyucdn.cn/live-cover/appCovers/2020/04/13/8484976_20200413151006_small.jpg,你有晚柠的直播间,你有晚柠,颜值
8534271,https://rpic.douyucdn.cn/asrpic/200429/8534271_1552.png/dy1,新主播专业回收一手二手大哥,Cc陈清玥,颜值
8502188,https://rpic.douyucdn.cn/asrpic/200429/8502188_1552.png/dy1,世界那么大还是遇见你。 8502188,陈筱诺,颜值
6400090,https://rpic.douyucdn.cn/live-cover/appCovers/2020/04/20/6400090_20200420020847_small.jpg,做人呐，最重要的就是开心✨,巴妮酱,颜值
8141359,https://rpic.douyucdn.cn/asrpic/200429/8141359_1551.png/dy1,月底冲冲冲 8141359,晚柠cc,颜值
7436252,https://rpic.douyucdn.cn/asrpic/200429/7436252_1551.png/dy1,天津萌新业余唱歌主播,炑璇,颜值
7861456,https://rpic.douyucdn.cn/asrpic/200429/7861456_1551.png/dy1,1米77钢铁直女在线尬聊,悦苏儿,颜值
7685642,https://rpic.douyucdn.cn/asrpic/200429/7685642_1551.png/dy1,【欧洲渡劫直播间】梦予儿～,梦予儿,颜值
8566401,https://rpic.douyucdn.cn/asrpic/200429/8566401_1552.png/dy1,不会唱歌的才艺主播来啦！,是你的妙妙吖,颜值
756836,https://rpic.douyucdn.cn/live-cover/appCovers/2020/03/25/756836_20200325202003_small.jpg,总有些惊奇的际遇，比如我遇见你。,我是你的夏夏啊,颜值
8301816,https://rpic.douyucdn.cn/asrpic/200429/8301816_1551.png/dy1,别翻了就我吧 8301816,金善智,颜值
8629910,https://rpic.douyucdn.cn/live-cover/appCovers/2020/04/25/8629910_20200425123719_small.jpg,新人邻家小妹第4天播,梨梨玛莲,颜值
8317824,https://rpic.douyucdn.cn/asrpic/200429/8317824_1551.png/dy1,月底冲流水 努力中,DY仓野空,颜值
8180213,https://rpic.douyucdn.cn/live-cover/appCovers/2020/03/25/8180213_20200325022011_small.jpg,新的一周 加油,大雯雯雯雯雯雯雯,颜值
7776530,https://rpic.douyucdn.cn/asrpic/200429/7776530_1551.png/dy1,何其有幸遇见你 7776530,喝冰阔乐的昕昕,颜值
5028955,https://rpic.douyucdn.cn/asrpic/200429/5028955_1550.png/dy1,和别的小朋友不一样 5028955,迷斯莹,颜值
8579754,https://rpic.douyucdn.cn/asrpic/200429/8579754_1552.png/dy1,愿所有美好如期而至,蓝迪598,颜值
4501909,https://rpic.douyucdn.cn/asrpic/200429/4501909_1550.png/dy1,坐等有缘人 4501909,熬夜要补维C,颜值
6051147,https://rpic.douyucdn.cn/asrpic/200429/6051147_1550.png/dy1,过五星吗哥哥,小兰mm丶,颜值
7183896,https://rpic.douyucdn.cn/live-cover/appCovers/2020/04/07/7183896_20200407211921_small.jpg,全年无休主播求关注,baby甜甜呀,颜值
8635371,https://rpic.douyucdn.cn/live-cover/appCovers/2020/04/25/8635371_20200425175901_small.jpg,新人主播，唠嗑嗑。。。,谁的皮皮哈,颜值
7964768,https://rpic.douyucdn.cn/asrpic/200429/7964768_1551.png/dy1,南航小姐姐本人比照片好看,柯柯小姐姐,颜值
7737457,https://rpic.douyucdn.cn/asrpic/200429/7737457_1551.png/dy1,我值得有一个盖世英雄吗 或许会因你而幸,成都王丽坤,颜值
7153590,https://rpic.douyucdn.cn/live-cover/appCovers/2020/04/21/7153590_20200421164554_small.jpg,想当一个白不隆咚,咚咚小同学,颜值
roomnum,roomimgurl,roomname,username,classify
3853457,https://rpic.douyucdn.cn/live-cover/appCovers/2019/08/14/3853457_20190814094651_small.jpg,品 你细品,歌神韦爵爷,颜值
5324159,https://rpic.douyucdn.cn/asrpic/200429/5324159_1555.png/dy1,全斗鱼最幸运直播间,白菜mm丶,颜值
8492467,https://rpic.douyucdn.cn/asrpic/200429/8492467_1552.png/dy1,上了生活的贼船  就做快乐的海盗,海乐丶依声,颜值
8439538,https://rpic.douyucdn.cn/asrpic/200429/8439538_1552.png/dy1,日常营业的小姐在线,小Amy艾米,颜值
8332732,https://rpic.douyucdn.cn/live-cover/appCovers/2020/04/05/8332732_20200405022935_small.jpg,可爱小萌新,超a甜崽,颜值
8506851,https://rpic.douyucdn.cn/asrpic/200429/8506851_1552.png/dy1,今日份轮椅主播,霖林不太懂,颜值
6763236,https://rpic.douyucdn.cn/asrpic/200429/6763236_1555.png/dy1,抓到一只小空姐,小空姐丶楚亦白,颜值
3744620,https://rpic.douyucdn.cn/live-cover/appCovers/2020/03/20/3744620_20200320022106_small.jpg,馋哭啦......,赞赞没吃饭,颜值
8342040,https://rpic.douyucdn.cn/asrpic/200429/8342040_1551.png/dy1,所有的美好都将与你不柒而遇,柒梦欧尼,颜值
7577649,https://rpic.douyucdn.cn/asrpic/200429/7577649_1556.png/dy1,想做你的小朋友 7577649,欧尼熊ii,颜值
8114978,https://rpic.douyucdn.cn/asrpic/200429/8114978_1556.png/dy1,欢迎大家哦！！！！,陈二仙儿,颜值
8141359,https://rpic.douyucdn.cn/asrpic/200429/8141359_1551.png/dy1,月底冲冲冲 8141359,晚柠cc,颜值
3866447,https://rpic.douyucdn.cn/live-cover/appCovers/2018/04/12/3866447_20180412205544_small.jpg,情怀大哥俱乐部,十二月老铁,颜值
1915776,https://rpic.douyucdn.cn/live-cover/roomCover/2020/04/28/36b72de154cf0c787f7fb1558e5bf15c_big.jpg,萌新主播第一天开播 1915776,Blacksheep鹿,颜值
8461712,https://rpic.douyucdn.cn/asrpic/200429/8461712_1552.png/dy1,奇奇怪怪，可可爱爱,杏子or,颜值
1790752,https://rpic.douyucdn.cn/asrpic/200429/1790752_1554.png/dy1,迪士尼在逃公主~,My不晚,颜值
2074766,https://rpic.douyucdn.cn/live-cover/appCovers/2020/04/27/2074766_20200427181159_small.jpg,一见如故，眉目成书,冷伊宁,颜值
8177574,https://rpic.douyucdn.cn/live-cover/appCovers/2020/03/12/8177574_20200312131957_small.jpg,一枚天津新人小主播～,一顆糖兒,颜值
4515462,https://rpic.douyucdn.cn/asrpic/200429/4515462_1555.png/dy1,小妹芳龄十八，新人爱唱歌,啵啵妹儿bo,颜值
8568162,https://rpic.douyucdn.cn/live-cover/appCovers/2020/04/22/8568162_20200422184748_small.jpg,直播第二周 请吃饭有人吗,刘诗诗u,颜值
7309881,https://rpic.douyucdn.cn/live-cover/appCovers/2020/04/29/7309881_20200429134132_small.jpg,一个平平无奇的憨憨,哟这不是CC嘛,颜值
7446649,https://rpic.douyucdn.cn/live-cover/appCovers/2020/03/08/7446649_20200308203716_small.jpg,厦门网友 在线尬聊,蜜桃miki,颜值
6214141,https://rpic.douyucdn.cn/asrpic/200429/6214141_1555.png/dy1,太凉了 凉哭了,奶油爱莉丝,颜值
7675199,https://rpic.douyucdn.cn/live-cover/appCovers/2020/04/25/7675199_20200425184336_small.jpg,粤语气人小天后,xun寻寻,颜值
8544324,https://rpic.douyucdn.cn/asrpic/200429/8544324_1552.png/dy1,你的专属情歌电台,圆圆今天不在家,颜值
7027893,https://rpic.douyucdn.cn/live-cover/appCovers/2020/04/13/7027893_20200413000341_small.jpg,人间芭比❤️,鲸七七丶,颜值
1853869,https://rpic.douyucdn.cn/asrpic/200429/1853869_1554.png/dy1,野外真人烧烤,顾北宁,颜值
5695362,https://rpic.douyucdn.cn/live-cover/appCovers/2020/04/14/5695362_20200414143536_small.jpg,等一个一级的游侠,卖火柴的露露,颜值
5591497,https://rpic.douyucdn.cn/asrpic/200429/5591497_1555.png/dy1,健康可爱，没有眼袋~,如花吖丶,颜值
4517353,https://rpic.douyucdn.cn/live-cover/appCovers/2020/04/26/4517353_20200426084242_small.jpg,你以为的幸运是我努力了好久才发出的光,Lmm米雅,颜值
910907,https://rpic.douyucdn.cn/live-cover/appCovers/2020/03/28/910907_20200328140623_small.jpg,过气气人小熊910907,流口水的小熊猫,颜值
7328539,https://rpic.douyucdn.cn/asrpic/200429/7328539_1556.png/dy1,成都混武汉的仔~,小了盆了栽,颜值
3725015,https://rpic.douyucdn.cn/live-cover/appCovers/2019/06/04/3725015_20190604141835_small.jpg,土家族唱歌小姐姐,熊二抱抱,颜值
1679707,https://rpic.douyucdn.cn/asrpic/200429/1679707_1554.png/dy1,能赢没必要，,暖心男神六哥,颜值
5688684,https://rpic.douyucdn.cn/asrpic/200429/5688684_1555.png/dy1,小野拯救不开心！,DBD小野吖,颜值
8580493,https://rpic.douyucdn.cn/live-cover/appCovers/2020/04/29/8580493_20200429012847_small.jpg,李太公钓鱼 愿者上钩,李腻腻o3o,颜值
6539854,https://rpic.douyucdn.cn/asrpic/200429/6539854_1555.png/dy1,月底冲流水，有大哥抬一手吗,野生的艾筱筱,颜值
6259669,https://rpic.douyucdn.cn/live-cover/appCovers/2019/11/02/6259669_20191102185013_small.jpg,咕咕颖上线 6259669,颖宝ybb,颜值
7905573,https://rpic.douyucdn.cn/asrpic/200429/7905573_1556.png/dy1,新人报道7905573,你的樱桃小雪啊,颜值
6345472,https://rpic.douyucdn.cn/asrpic/200429/6345472_1555.png/dy1,你的音乐清吧！~,栖梧灬,颜值
8318839,https://rpic.douyucdn.cn/live-cover/appCovers/2020/04/17/8318839_20200417124213_small.jpg,今天只想过四星,一个梁梁梁,颜值
7359243,https://rpic.douyucdn.cn/asrpic/200429/7359243_1556.png/dy1,花月诗酒茶，星河寻年华7359243,最美皮皮陌吖,颜值
7727075,https://rpic.douyucdn.cn/asrpic/200429/7727075_1556.png/dy1,亦可不才  自认是匹千里马 却不遇伯乐,陳亦可,颜值
2449973,https://rpic.douyucdn.cn/live-cover/appCovers/2020/04/15/2449973_20200415193900_small.jpg,新人主播想要渡劫啊啊啊,Wuli伊凡,颜值
7562088,https://rpic.douyucdn.cn/asrpic/200429/7562088_1556.png/dy1,我要渡劫 7562088,7雯呀,颜值
7788323,https://rpic.douyucdn.cn/live-cover/appCovers/2020/02/22/7788323_20200222200351_small.jpg,世界这么大还是遇见你 7788323,Baby贺思思,颜值
511452,https://rpic.douyucdn.cn/live-cover/appCovers/2020/02/06/511452_20200206212829_small.jpg,晋级赛24冲呀,心心心念念,颜值
3845571,https://rpic.douyucdn.cn/live-cover/appCovers/2020/04/23/3845571_20200423162020_small.jpg,我多想能多陪你一场 把前半生的风景对你讲,禾苗儿777,颜值
6458138,https://rpic.douyucdn.cn/live-cover/appCovers/2020/04/22/6458138_20200422193033_small.jpg,月底求渡劫吖,姗宝lavender,颜值
2228580,https://rpic.douyucdn.cn/live-cover/appCovers/2020/03/02/2228580_20200302161155_small.jpg,一个小主播呀 ～,米米nnn,颜值
2228580,https://rpic.douyucdn.cn/live-cover/appCovers/2020/03/02/2228580_20200302161155_small.jpg,一个小主播呀 ～,米米nnn,颜值
7839089,https://rpic.douyucdn.cn/asrpic/200429/7839089_1556.png/dy1,一看流水三块五,鱼满满丶,颜值
7796460,https://rpic.douyucdn.cn/asrpic/200429/7796460_1556.png/dy1,皮皮夏天籁之音甜到你油腻,皮皮夏3,颜值
4566947,https://rpic.douyucdn.cn/live-cover/appCovers/2019/12/03/4566947_20191203230502_small.jpg,有没有想我 4566947,关晓羽,颜值
7273875,https://rpic.douyucdn.cn/live-cover/roomCover/2020/04/26/183f68510a8db153d5537f88d7f94f61_big.jpg,新主播第一天 7273875,静静乖球的,颜值
2947196,https://rpic.douyucdn.cn/asrpic/200429/2947196_1555.png/dy1,南京小姐姐想做你的初恋  2947196,小景宝can,颜值
8183728,https://rpic.douyucdn.cn/asrpic/200429/8183728_1556.png/dy1,浙江小改改~,丶乐多丶,颜值
1417930,https://rpic.douyucdn.cn/asrpic/200429/1417930_1554.png/dy1,冷风八卦：人生总要有所改变,小象丶冷风,颜值
6243368,https://rpic.douyucdn.cn/live-cover/appCovers/2020/04/10/6243368_20200410141914_small.jpg,广东唱歌小姐姐~,是小金鱼,颜值
6494527,https://rpic.douyucdn.cn/asrpic/200429/6494527_1555.png/dy1,一个有味道的直播间6494527,困困不困o,颜值
594571,https://rpic.douyucdn.cn/asrpic/200429/594571_1554.png/dy1,歌手 594571,Sally阿熊11,颜值
5972339,https://rpic.douyucdn.cn/live-cover/appCovers/2020/04/19/5972339_20200419213857_small.jpg,王多鱼 进来投项目啦,凯蒂bb,颜值
3397784,https://rpic.douyucdn.cn/live-cover/appCovers/2020/03/30/3397784_20200330120157_small.jpg,日久见人心 3397784,睡不醒的李小白,颜值
7723008,https://rpic.douyucdn.cn/live-cover/appCovers/2020/04/21/7723008_20200421132852_small.jpg,铁汁 今天也要开心哦,酥酥就是小酥酥,颜值
8532659,https://rpic.douyucdn.cn/asrpic/200429/8532659_1552.png/dy1,告诉桃花，今年就在这开了,Li智楠,颜值
5768365,https://rpic.douyucdn.cn/live-cover/appCovers/2020/03/13/5768365_20200313074148_small.jpg,祝我头哥生日快乐,浩家郡丶甘肃小浩哥,颜值
7630841,https://rpic.douyucdn.cn/asrpic/200429/7630841_1556.png/dy1,哥哥过个五星吧,Henry阮,颜值
6914178,https://rpic.douyucdn.cn/asrpic/200429/6914178_1556.png/dy1,新人主播，盼君共勉,Li果果吖,颜值
7835646,https://rpic.douyucdn.cn/asrpic/200429/7835646_1556.png/dy1,君问归期未有期 7835646,一棵柠七,颜值
5765095,https://rpic.douyucdn.cn/asrpic/200429/5765095_1555.png/dy1,纯天然唱跳大姐姐^ ^,蓉儿babe,颜值
7820324,https://rpic.douyucdn.cn/asrpic/200429/7820324_1556.png/dy1,一个唱歌主播,奶思baby不吃鱼,颜值
8453868,https://rpic.douyucdn.cn/asrpic/200429/8453868_1552.png/dy1,这是一个有香气的直播间,奶凶奶凶滴,颜值
4609493,https://rpic.douyucdn.cn/live-cover/appCovers/2020/04/03/4609493_20200403170411_small.jpg,随缘………………,夏盈er,颜值
8390948,https://rpic.douyucdn.cn/live-cover/appCovers/2020/04/09/8390948_20200409124851_small.jpg,欢迎来到姐姐的鱼塘,o小赞o,颜值
6704438,https://rpic.douyucdn.cn/asrpic/200429/6704438_1555.png/dy1,新惩罚，新玩法,爱上女团,颜值
7872260,https://rpic.douyucdn.cn/asrpic/200429/7872260_1556.png/dy1,本人比照片好看系列 7872260,sweet甜甜酱,颜值
4876633,https://rpic.douyucdn.cn/asrpic/200429/4876633_1555.png/dy1,新人第一天。。 4876633,优优崽Zz,颜值
6902584,https://rpic.douyucdn.cn/asrpic/200429/6902584_1556.png/dy1,欢迎江浙沪一带留守儿童,爱笑的李梦儿,颜值
6691747,https://rpic.douyucdn.cn/live-cover/roomCover/2020/02/29/2f64aacb6cdbbc0bde07f1c77c5cc3c0_big.jpg,biu^夏至未至,鹿小贝唄,颜值
7556288,https://rpic.douyucdn.cn/asrpic/200429/7556288_1556.png/dy1,我就要做你的偏爱和例外,贝贝bay,颜值
7350806,https://rpic.douyucdn.cn/asrpic/200429/7350806_1556.png/dy1,是谁的胖头鱼 7350806,是谁的烤草莓,颜值
7799826,https://rpic.douyucdn.cn/asrpic/200429/7799826_1556.png/dy1,正能量绿色直播间,Da大乔,颜值
5643887,https://rpic.douyucdn.cn/asrpic/200429/5643887_1555.png/dy1,需要陪伴和保护 5643887,婉婉学妹,颜值
7731215,https://rpic.douyucdn.cn/asrpic/200429/7731215_1556.png/dy1,一心很甜呦,一心有点甜,颜值
7856418,https://rpic.douyucdn.cn/live-cover/appCovers/2020/01/13/7856418_20200113204355_small.jpg,月底加油咯⛽️,主持人吉豆儿,颜值
6753465,https://rpic.douyucdn.cn/asrpic/200429/6753465_1555.png/dy1,缘分真是奇妙的东西,是沁沁阿,颜值
7701681,https://rpic.douyucdn.cn/asrpic/200429/7701681_1556.png/dy1,厚爱无需多言~,小苏蘇Ya,颜值
8530509,https://rpic.douyucdn.cn/asrpic/200429/8530509_1552.png/dy1,你是天赐的礼物 我迟来的救赎,一只小宝妮吖,颜值
7162333,https://rpic.douyucdn.cn/asrpic/200429/7162333_1556.png/dy1,湖南小姐姐第一天直播,浅浅cherry丶,颜值
7639314,https://rpic.douyucdn.cn/live-cover/appCovers/2020/03/13/7639314_20200313192016_small.jpg,入目无他人 四下皆是你7639314,Xiao王子文,颜值
7639314,https://rpic.douyucdn.cn/live-cover/appCovers/2020/03/13/7639314_20200313192016_small.jpg,入目无他人 四下皆是你7639314,Xiao王子文,颜值
8534271,https://rpic.douyucdn.cn/asrpic/200429/8534271_1552.png/dy1,新主播专业回收一手二手大哥,Cc陈清玥,颜值
8533390,https://rpic.douyucdn.cn/asrpic/200429/8533390_1552.png/dy1,招财猫来咯~关注她,猫一姐姐,颜值
6400090,https://rpic.douyucdn.cn/live-cover/appCovers/2020/04/20/6400090_20200420020847_small.jpg,做人呐，最重要的就是开心✨,巴妮酱,颜值
7779166,https://rpic.douyucdn.cn/asrpic/200429/7779166_1556.png/dy1,有多久没见你 7779166,糖小梦dd,颜值
4512675,https://rpic.douyucdn.cn/live-cover/appCovers/2020/04/14/4512675_20200414200334_small.jpg,“保护我方猪猪”,猪猪莹妹儿丶,颜值
7144489,https://rpic.douyucdn.cn/asrpic/200429/7144489_1556.png/dy1,总有不期而遇的温柔和生生不息的希望,鹿慢慢丶,颜值
8141359,https://rpic.douyucdn.cn/asrpic/200429/8141359_1556.png/dy1,月底冲冲冲 8141359,晚柠cc,颜值
6932960,https://rpic.douyucdn.cn/asrpic/200429/6932960_1550.png/dy1,安徽小姐姐了解一哈,是舒雅吖,颜值
6746482,https://rpic.douyucdn.cn/asrpic/200429/6746482_1555.png/dy1,第一天直播  诚招大哥粉丝,战斗鸡雯雯,颜值
8484976,https://rpic.douyucdn.cn/live-cover/appCovers/2020/04/13/8484976_20200413151006_small.jpg,你有晚柠的直播间,你有晚柠,颜值
756836,https://rpic.douyucdn.cn/live-cover/appCovers/2020/03/25/756836_20200325202003_small.jpg,总有些惊奇的际遇，比如我遇见你。,我是你的夏夏啊,颜值
8502188,https://rpic.douyucdn.cn/asrpic/200429/8502188_1552.png/dy1,世界那么大还是遇见你。 8502188,陈筱诺,颜值
7685642,https://rpic.douyucdn.cn/asrpic/200429/7685642_1556.png/dy1,【欧洲渡劫直播间】梦予儿～,梦予儿,颜值
7436252,https://rpic.douyucdn.cn/asrpic/200429/7436252_1556.png/dy1,天津萌新业余唱歌主播,炑璇,颜值
8629910,https://rpic.douyucdn.cn/live-cover/appCovers/2020/04/25/8629910_20200425123719_small.jpg,新人邻家小妹第4天播,梨梨玛莲,颜值
7861456,https://rpic.douyucdn.cn/asrpic/200429/7861456_1556.png/dy1,1米77钢铁直女在线尬聊,悦苏儿,颜值
3458077,https://rpic.douyucdn.cn/live-cover/appCovers/2020/04/23/3458077_20200423001504_small.jpg,可甜可盐系的辣女孩,好吃的牙儿丶,颜值
8566401,https://rpic.douyucdn.cn/asrpic/200429/8566401_1552.png/dy1,不会唱歌的才艺主播来啦！,是你的妙妙吖,颜值
7776530,https://rpic.douyucdn.cn/asrpic/200429/7776530_1556.png/dy1,何其有幸遇见你 7776530,喝冰阔乐的昕昕,颜值
8317824,https://rpic.douyucdn.cn/asrpic/200429/8317824_1551.png/dy1,月底冲流水 努力中,DY仓野空,颜值
8180213,https://rpic.douyucdn.cn/live-cover/appCovers/2020/03/25/8180213_20200325022011_small.jpg,新的一周 加油,大雯雯雯雯雯雯雯,颜值
8579754,https://rpic.douyucdn.cn/asrpic/200429/8579754_1552.png/dy1,愿所有美好如期而至,蓝迪598,颜值
4501909,https://rpic.douyucdn.cn/asrpic/200429/4501909_1555.png/dy1,坐等有缘人 4501909,熬夜要补维C,颜值
7964768,https://rpic.douyucdn.cn/asrpic/200429/7964768_1556.png/dy1,南航小姐姐本人比照片好看,柯柯小姐姐,颜值
7183896,https://rpic.douyucdn.cn/live-cover/appCovers/2020/04/07/7183896_20200407211921_small.jpg,全年无休主播求关注,baby甜甜呀,颜值
8635371,https://rpic.douyucdn.cn/live-cover/appCovers/2020/04/25/8635371_20200425175901_small.jpg,新人主播，唠嗑嗑。。。,谁的皮皮哈,颜值
7737457,https://rpic.douyucdn.cn/asrpic/200429/7737457_1556.png/dy1,我值得有一个盖世英雄吗 或许会因你而幸,成都王丽坤,颜值
8250905,https://rpic.douyucdn.cn/live-cover/appCovers/2020/04/28/8250905_20200428122639_small.jpg,悄悄溜进颜值区 8250905,可可爱爱英某人,颜值
8501290,https://rpic.douyucdn.cn/asrpic/200429/8501290_1552.png/dy1,新人直播第一天 8501290,狙熙,颜值
roomnum,roomimgurl,roomname,username,classify
8574361,https://rpic.douyucdn.cn/asrpic/200429/8574361_1602.png/dy1,鹿鹿睡醒了的直播间,鹿鹿睡醒了,颜值
3866447,https://rpic.douyucdn.cn/live-cover/appCovers/2018/04/12/3866447_20180412205544_small.jpg,情怀大哥俱乐部,十二月老铁,颜值
5324159,https://rpic.douyucdn.cn/asrpic/200429/5324159_1600.png/dy1,全斗鱼最幸运直播间,白菜mm丶,颜值
7360887,https://rpic.douyucdn.cn/asrpic/200429/7360887_1601.png/dy1,小可爱默默求守护❤,墨墨丶小可爱,颜值
4736350,https://rpic.douyucdn.cn/asrpic/200429/4736350_1600.png/dy1,你一票我一票谷某明天就出道,谷谷绿,颜值
7781215,https://rpic.douyucdn.cn/asrpic/200429/7781215_1601.png/dy1,安徽小姐姐找找找房管啦~,崽崽mm丶,颜值
8332732,https://rpic.douyucdn.cn/live-cover/appCovers/2020/04/05/8332732_20200405022935_small.jpg,可爱小萌新,超a甜崽,颜值
8506851,https://rpic.douyucdn.cn/asrpic/200429/8506851_1602.png/dy1,今日份轮椅主播,霖林不太懂,颜值
8566401,https://rpic.douyucdn.cn/asrpic/200429/8566401_1602.png/dy1,不会唱歌的才艺主播来啦！,是你的妙妙吖,颜值
8342040,https://rpic.douyucdn.cn/asrpic/200429/8342040_1601.png/dy1,所有的美好都将与你不柒而遇,柒梦欧尼,颜值
8114978,https://rpic.douyucdn.cn/asrpic/200429/8114978_1601.png/dy1,欢迎大家哦！！！！,陈二仙儿,颜值
7924161,https://rpic.douyucdn.cn/asrpic/200429/7924161_1601.png/dy1,你康，是唱歌主播,来生icy,颜值
8469046,https://rpic.douyucdn.cn/asrpic/200429/8469046_1602.png/dy1,凤年周公子的直播间,凤年周公子,颜值
8523577,https://rpic.douyucdn.cn/asrpic/200429/8523577_1602.png/dy1,安小杪的直播间,安小杪,颜值
8389647,https://rpic.douyucdn.cn/asrpic/200429/8389647_1601.png/dy1,嗨~等你好久了 快来吧,桃子酱ov,颜值
8561907,https://rpic.douyucdn.cn/asrpic/200429/8561907_1602.png/dy1,新名称：呆傻,九姑娘丫头,颜值
8571309,https://rpic.douyucdn.cn/asrpic/200429/8571309_1602.png/dy1,又是素颜新人开播的一天,古月任性,颜值
8634552,https://rpic.douyucdn.cn/live-cover/roomCover/2020/04/25/de9a734581700dc22b9c17f9421b10fe_big.jpg,新主播第一天呀 8634552,陈怼怼丿,颜值
8157662,https://rpic.douyucdn.cn/live-cover/appCovers/2020/03/24/8157662_20200324004211_small.jpg,和雷佳音聊聊天吧,温亮亮亮亮,颜值
8574095,https://rpic.douyucdn.cn/live-cover/appCovers/2020/04/17/8574095_20200417081220_small.jpg,小婕zzz的直播间,小婕zzz,颜值
8389647,https://rpic.douyucdn.cn/asrpic/200429/8389647_1601.png/dy1,嗨~等你好久了 快来吧,桃子酱ov,颜值
4087878,https://rpic.douyucdn.cn/asrpic/200429/4087878_1600.png/dy1,退鱼倒计时9986天,啵啵酱233,颜值
8597203,https://rpic.douyucdn.cn/asrpic/200429/8597203_1602.png/dy1,第九天直播可以关注一下我吗！,鱼与渔家,颜值
4876633,https://rpic.douyucdn.cn/asrpic/200429/4876633_1600.png/dy1,新人第一天。。 4876633,优优崽Zz,颜值
7446649,https://rpic.douyucdn.cn/live-cover/appCovers/2020/03/08/7446649_20200308203716_small.jpg,厦门网友 在线尬聊,蜜桃miki,颜值
6214141,https://rpic.douyucdn.cn/asrpic/200429/6214141_1600.png/dy1,太凉了 凉哭了,奶油爱莉丝,颜值
8544324,https://rpic.douyucdn.cn/asrpic/200429/8544324_1602.png/dy1,你的专属情歌电台,圆圆今天不在家,颜值
7027893,https://rpic.douyucdn.cn/live-cover/appCovers/2020/04/13/7027893_20200413000341_small.jpg,人间芭比❤️,鲸七七丶,颜值
5695362,https://rpic.douyucdn.cn/live-cover/appCovers/2020/04/14/5695362_20200414143536_small.jpg,等一个一级的游侠,卖火柴的露露,颜值
7823575,https://rpic.douyucdn.cn/live-cover/appCovers/2019/12/31/7823575_20191231204519_small.jpg,照片是假的 本人更可爱 7823575,是你的阿狮吖,颜值
1853869,https://rpic.douyucdn.cn/asrpic/200429/1853869_1604.png/dy1,野外真人烧烤,顾北宁,颜值
3870218,https://rpic.douyucdn.cn/asrpic/200429/3870218_1600.png/dy1,开心就好‘’,丶丶阿阳,颜值
5591497,https://rpic.douyucdn.cn/asrpic/200429/5591497_1600.png/dy1,健康可爱，没有眼袋~,如花吖丶,颜值
1679707,https://rpic.douyucdn.cn/asrpic/200429/1679707_1604.png/dy1,能赢没必要，,暖心男神六哥,颜值
7430970,https://rpic.douyucdn.cn/live-cover/appCovers/2020/04/20/7430970_20200420033047_small.jpg,新人直播第一天 7430970,凌宝宝Oo丶,颜值
7309881,https://rpic.douyucdn.cn/live-cover/appCovers/2020/04/29/7309881_20200429134132_small.jpg,一个平平无奇的憨憨,哟这不是CC嘛,颜值
4566947,https://rpic.douyucdn.cn/live-cover/appCovers/2019/12/03/4566947_20191203230502_small.jpg,有没有想我 4566947,关晓羽,颜值
8580493,https://rpic.douyucdn.cn/live-cover/appCovers/2020/04/29/8580493_20200429012847_small.jpg,李太公钓鱼 愿者上钩,李腻腻o3o,颜值
5765095,https://rpic.douyucdn.cn/asrpic/200429/5765095_1600.png/dy1,纯天然唱跳大姐姐^ ^,蓉儿babe,颜值
8484712,https://rpic.douyucdn.cn/live-cover/roomCover/2020/04/05/3b7b805413fd3b58a8496aeb0ddb8a4a_big.jpg,嗨 我来了,海乐丶彩虹,颜值
5765095,https://rpic.douyucdn.cn/asrpic/200429/5765095_1600.png/dy1,纯天然唱跳大姐姐^ ^,蓉儿babe,颜值
8580493,https://rpic.douyucdn.cn/live-cover/appCovers/2020/04/29/8580493_20200429012847_small.jpg,李太公钓鱼 愿者上钩,李腻腻o3o,颜值
6642574,https://rpic.douyucdn.cn/asrpic/200429/6642574_1600.png/dy1,可可爱爱没有脑袋~ 6642574,小脸蛋阿,颜值
6539854,https://rpic.douyucdn.cn/asrpic/200429/6539854_1600.png/dy1,月底冲流水，有大哥抬一手吗,野生的艾筱筱,颜值
4512675,https://rpic.douyucdn.cn/live-cover/appCovers/2020/04/14/4512675_20200414200334_small.jpg,“保护我方猪猪”,猪猪莹妹儿丶,颜值
7733799,https://rpic.douyucdn.cn/asrpic/200429/7733799_1601.png/dy1,等风等雨只为等你,喵啊喔i,颜值
6345472,https://rpic.douyucdn.cn/asrpic/200429/6345472_1600.png/dy1,你的音乐清吧！~,栖梧灬,颜值
7905573,https://rpic.douyucdn.cn/asrpic/200429/7905573_1601.png/dy1,新人报道7905573,你的樱桃小雪啊,颜值
8638487,https://rpic.douyucdn.cn/live-cover/appCovers/2020/04/25/8638487_20200425230142_small.jpg,干啥啥不行～争宠第一名！！,大眼萌球球,颜值
8594378,https://rpic.douyucdn.cn/live-cover/roomCover/2020/04/17/06cbdc763df59f47e80d1f93c037c976_big.jpg,（新人小晗晗呀） 是你的小可爱哦,海乐丶晗晗,颜值
8244994,https://rpic.douyucdn.cn/asrpic/200429/8244994_1601.png/dy1,距离你0.01km 8244994,易点点y,颜值
8318839,https://rpic.douyucdn.cn/live-cover/appCovers/2020/04/17/8318839_20200417124213_small.jpg,今天只想过四星,一个梁梁梁,颜值
511452,https://rpic.douyucdn.cn/live-cover/appCovers/2020/02/06/511452_20200206212829_small.jpg,晋级赛24冲呀,心心心念念,颜值
7727075,https://rpic.douyucdn.cn/asrpic/200429/7727075_1601.png/dy1,亦可不才  自认是匹千里马 却不遇伯乐,陳亦可,颜值
7562088,https://rpic.douyucdn.cn/asrpic/200429/7562088_1601.png/dy1,我要渡劫 7562088,7雯呀,颜值
7819209,https://rpic.douyucdn.cn/live-cover/appCovers/2020/04/25/7819209_20200425214953_small.jpg,长沙新主播第一天7819209,是你的嘻嘻呢,颜值
7788323,https://rpic.douyucdn.cn/live-cover/appCovers/2020/02/22/7788323_20200222200351_small.jpg,世界这么大还是遇见你 7788323,Baby贺思思,颜值
7359243,https://rpic.douyucdn.cn/asrpic/200429/7359243_1601.png/dy1,花月诗酒茶，星河寻年华7359243,最美皮皮陌吖,颜值
2449973,https://rpic.douyucdn.cn/live-cover/appCovers/2020/04/15/2449973_20200415193900_small.jpg,新人主播想要渡劫啊啊啊,Wuli伊凡,颜值
910907,https://rpic.douyucdn.cn/live-cover/appCovers/2020/03/28/910907_20200328140623_small.jpg,过气气人小熊910907,流口水的小熊猫,颜值
6458138,https://rpic.douyucdn.cn/live-cover/appCovers/2020/04/22/6458138_20200422193033_small.jpg,月底求渡劫吖,姗宝lavender,颜值
7839089,https://rpic.douyucdn.cn/asrpic/200429/7839089_1601.png/dy1,一看流水三块五,鱼满满丶,颜值
8487676,https://rpic.douyucdn.cn/asrpic/200429/8487676_1602.png/dy1,你喜欢的样子我都有 8487676,Barbara芭芭拉Barbara,颜值
8183728,https://rpic.douyucdn.cn/asrpic/200429/8183728_1601.png/dy1,浙江小改改~,丶乐多丶,颜值
6494527,https://rpic.douyucdn.cn/asrpic/200429/6494527_1600.png/dy1,一个有味道的直播间6494527,困困不困o,颜值
6400090,https://rpic.douyucdn.cn/live-cover/appCovers/2020/04/20/6400090_20200420020847_small.jpg,做人呐，最重要的就是开心✨,巴妮酱,颜值
1417930,https://rpic.douyucdn.cn/asrpic/200429/1417930_1604.png/dy1,冷风八卦：人生总要有所改变,小象丶冷风,颜值
7835646,https://rpic.douyucdn.cn/asrpic/200429/7835646_1601.png/dy1,君问归期未有期 7835646,一棵柠七,颜值
7577649,https://rpic.douyucdn.cn/asrpic/200429/7577649_1601.png/dy1,想做你的小朋友 7577649,欧尼熊ii,颜值
3845571,https://rpic.douyucdn.cn/live-cover/appCovers/2020/04/23/3845571_20200423162020_small.jpg,我多想能多陪你一场 把前半生的风景对你讲,禾苗儿777,颜值
3845571,https://rpic.douyucdn.cn/live-cover/appCovers/2020/04/23/3845571_20200423162020_small.jpg,我多想能多陪你一场 把前半生的风景对你讲,禾苗儿777,颜值
7723008,https://rpic.douyucdn.cn/live-cover/appCovers/2020/04/21/7723008_20200421132852_small.jpg,铁汁 今天也要开心哦,酥酥就是小酥酥,颜值
5972339,https://rpic.douyucdn.cn/live-cover/appCovers/2020/04/19/5972339_20200419213857_small.jpg,王多鱼 进来投项目啦,凯蒂bb,颜值
8532659,https://rpic.douyucdn.cn/asrpic/200429/8532659_1602.png/dy1,告诉桃花，今年就在这开了,Li智楠,颜值
7273875,https://rpic.douyucdn.cn/live-cover/roomCover/2020/04/26/183f68510a8db153d5537f88d7f94f61_big.jpg,新主播第一天 7273875,静静乖球的,颜值
7630841,https://rpic.douyucdn.cn/asrpic/200429/7630841_1601.png/dy1,哥哥过个五星吧,Henry阮,颜值
7820324,https://rpic.douyucdn.cn/asrpic/200429/7820324_1601.png/dy1,一个唱歌主播,奶思baby不吃鱼,颜值
7162333,https://rpic.douyucdn.cn/asrpic/200429/7162333_1601.png/dy1,湖南小姐姐第一天直播,浅浅cherry丶,颜值
7796460,https://rpic.douyucdn.cn/asrpic/200429/7796460_1601.png/dy1,皮皮夏天籁之音甜到你油腻,皮皮夏3,颜值
3397784,https://rpic.douyucdn.cn/live-cover/appCovers/2020/03/30/3397784_20200330120157_small.jpg,日久见人心 3397784,睡不醒的李小白,颜值
7556288,https://rpic.douyucdn.cn/asrpic/200429/7556288_1601.png/dy1,我就要做你的偏爱和例外,贝贝bay,颜值
4609493,https://rpic.douyucdn.cn/live-cover/appCovers/2020/04/03/4609493_20200403170411_small.jpg,随缘………………,夏盈er,颜值
8453868,https://rpic.douyucdn.cn/asrpic/200429/8453868_1602.png/dy1,这是一个有香气的直播间,奶凶奶凶滴,颜值
6147166,https://rpic.douyucdn.cn/asrpic/200429/6147166_1600.png/dy1,别再说我像那谁啦~,柠新,颜值
7642429,https://rpic.douyucdn.cn/asrpic/200428/7642429_2207.png/dy1,哈喽我的小哥哥,王漂亮哦,颜值
8390948,https://rpic.douyucdn.cn/live-cover/appCovers/2020/04/09/8390948_20200409124851_small.jpg,欢迎来到姐姐的鱼塘,o小赞o,颜值
594571,https://rpic.douyucdn.cn/asrpic/200429/594571_1604.png/dy1,歌手 594571,Sally阿熊11,颜值
8369438,https://rpic.douyucdn.cn/asrpic/200429/8369438_1601.png/dy1,挑战连续开播100天,不正经的草莓i,颜值
5504126,https://rpic.douyucdn.cn/asrpic/200429/5504126_1600.png/dy1,斗鱼贾静雯 别问我为什么,筱橙子爱哼哼,颜值
6691747,https://rpic.douyucdn.cn/live-cover/roomCover/2020/02/29/2f64aacb6cdbbc0bde07f1c77c5cc3c0_big.jpg,biu^夏至未至,鹿小贝唄,颜值
6902584,https://rpic.douyucdn.cn/asrpic/200429/6902584_1600.png/dy1,欢迎江浙沪一带留守儿童,爱笑的李梦儿,颜值
3953238,https://rpic.douyucdn.cn/live-cover/appCovers/2020/04/10/3953238_20200410193259_small.jpg,盼遇人间惊鸿客,你的楠楠啊丶,颜值
5768365,https://rpic.douyucdn.cn/live-cover/appCovers/2020/03/13/5768365_20200313074148_small.jpg,祝我头哥生日快乐,浩家郡丶甘肃小浩哥,颜值
6704438,https://rpic.douyucdn.cn/asrpic/200429/6704438_1600.png/dy1,新惩罚，新玩法,爱上女团,颜值
7872260,https://rpic.douyucdn.cn/asrpic/200429/7872260_1601.png/dy1,本人比照片好看系列 7872260,sweet甜甜酱,颜值
7701681,https://rpic.douyucdn.cn/asrpic/200429/7701681_1601.png/dy1,厚爱无需多言~,小苏蘇Ya,颜值
2947196,https://rpic.douyucdn.cn/asrpic/200429/2947196_1605.png/dy1,南京小姐姐想做你的初恋  2947196,小景宝can,颜值
7731215,https://rpic.douyucdn.cn/asrpic/200429/7731215_1601.png/dy1,一心很甜呦,一心有点甜,颜值
8530509,https://rpic.douyucdn.cn/asrpic/200429/8530509_1602.png/dy1,你是天赐的礼物 我迟来的救赎,一只小宝妮吖,颜值
7856418,https://rpic.douyucdn.cn/live-cover/appCovers/2020/01/13/7856418_20200113204355_small.jpg,月底加油咯⛽️,主持人吉豆儿,颜值
2074766,https://rpic.douyucdn.cn/live-cover/appCovers/2020/04/27/2074766_20200427181159_small.jpg,一见如故，眉目成书,冷伊宁,颜值
7907431,https://rpic.douyucdn.cn/asrpic/200428/7907431_2237.png/dy1,广东潮汕弹唱妹子,金媛寶,颜值
8439774,https://rpic.douyucdn.cn/asrpic/200429/8439774_1601.png/dy1,四川吴彦祖第二个月奋斗史,王湛战,颜值
8533390,https://rpic.douyucdn.cn/asrpic/200429/8533390_1602.png/dy1,招财猫来咯~关注她,猫一姐姐,颜值
6932960,https://rpic.douyucdn.cn/asrpic/200429/6932960_1600.png/dy1,安徽小姐姐了解一哈,是舒雅吖,颜值
8534271,https://rpic.douyucdn.cn/asrpic/200429/8534271_1602.png/dy1,新主播专业回收一手二手大哥,Cc陈清玥,颜值
5643887,https://rpic.douyucdn.cn/asrpic/200429/5643887_1600.png/dy1,需要陪伴和保护 5643887,婉婉学妹,颜值
7225679,https://rpic.douyucdn.cn/asrpic/200429/7225679_1601.png/dy1,听说本人比照片好看哦~,橙子嗯哼,颜值
7639314,https://rpic.douyucdn.cn/live-cover/appCovers/2020/03/13/7639314_20200313192016_small.jpg,入目无他人 四下皆是你7639314,Xiao王子文,颜值
7776530,https://rpic.douyucdn.cn/asrpic/200429/7776530_1601.png/dy1,何其有幸遇见你 7776530,喝冰阔乐的昕昕,颜值
8141359,https://rpic.douyucdn.cn/asrpic/200429/8141359_1601.png/dy1,月底冲冲冲 8141359,晚柠cc,颜值
7436252,https://rpic.douyucdn.cn/asrpic/200429/7436252_1601.png/dy1,天津萌新业余唱歌主播,炑璇,颜值
7861456,https://rpic.douyucdn.cn/asrpic/200429/7861456_1601.png/dy1,1米77钢铁直女在线尬聊,悦苏儿,颜值
5455751,https://rpic.douyucdn.cn/live-cover/appCovers/2020/04/02/5455751_20200402094523_small.jpg,认识一哈～,吃饱困zZ,颜值
6753465,https://rpic.douyucdn.cn/asrpic/200429/6753465_1600.png/dy1,缘分真是奇妙的东西,是沁沁阿,颜值
756836,https://rpic.douyucdn.cn/live-cover/appCovers/2020/03/25/756836_20200325202003_small.jpg,总有些惊奇的际遇，比如我遇见你。,我是你的夏夏啊,颜值
8629910,https://rpic.douyucdn.cn/live-cover/appCovers/2020/04/25/8629910_20200425123719_small.jpg,新人邻家小妹第4天播,梨梨玛莲,颜值
7887489,https://rpic.douyucdn.cn/asrpic/200429/7887489_1601.png/dy1,请你像风学学~怎么往我怀里钻,奶油米mi,颜值
3744620,https://rpic.douyucdn.cn/live-cover/appCovers/2020/03/20/3744620_20200320022106_small.jpg,馋哭啦......,赞赞没吃饭,颜值
8289663,https://rpic.douyucdn.cn/live-cover/appCovers/2020/04/28/8289663_20200428053117_small.jpg,眼睛里藏着星星,珍妮Jenny上线了,颜值
roomnum,roomimgurl,roomname,username,classify
7430970,https://rpic.douyucdn.cn/live-cover/appCovers/2020/04/20/7430970_20200420033047_small.jpg,新人直播第一天 7430970,凌宝宝Oo丶,颜值
5872161,https://rpic.douyucdn.cn/asrpic/200430/5872161_1120.png/dy1,小阿懒会唱歌！ 5872161,小阿懒吖,颜值
7289309,https://rpic.douyucdn.cn/live-cover/appCovers/2020/04/24/7289309_20200424094528_small.jpg,比方说当我遇见你～,幺仙儿yo,颜值
8031896,https://rpic.douyucdn.cn/live-cover/appCovers/2020/02/04/8031896_20200204183323_small.jpg,治愈系初恋,青榎,颜值
8552513,https://rpic.douyucdn.cn/asrpic/200430/8552513_1121.png/dy1,世界那么大还是遇见你8552513,1丢丢儿,颜值
5805597,https://rpic.douyucdn.cn/live-cover/appCovers/2020/04/29/5805597_20200429220727_small.jpg,新主播第一天 5805597,ve小弦,颜值
6227891,https://rpic.douyucdn.cn/live-cover/appCovers/2019/11/08/6227891_20191108130521_small.jpg,42级冲鸭,元気小辣椒,颜值
8571003,https://rpic.douyucdn.cn/asrpic/200430/8571003_1121.png/dy1,新人主播求关注，每天都要元气满满～,雪颖sun,颜值
8055618,https://rpic.douyucdn.cn/asrpic/200430/8055618_1120.png/dy1,公会战求大哥抬一手呀～,糯米么,颜值
8253286,https://rpic.douyucdn.cn/asrpic/200430/8253286_1121.png/dy1,洛洛在线招房管,你的洛洛会闪现,颜值
8633402,https://rpic.douyucdn.cn/asrpic/200430/8633402_1121.png/dy1,新人第一天，点个关注吧~,微醺米酒,颜值
8580287,https://rpic.douyucdn.cn/asrpic/200430/8580287_1121.png/dy1,南方姑娘8580287,王饱饱同学,颜值
6613818,https://rpic.douyucdn.cn/asrpic/200430/6613818_1120.png/dy1,一个唱歌的,甜甜的馨啊,颜值
7773141,https://rpic.douyucdn.cn/asrpic/200430/7773141_1120.png/dy1,做我哥哥我宠你,纯甄小妲己,颜值
8341015,https://rpic.douyucdn.cn/asrpic/200430/8341015_1121.png/dy1,花香四溢 人潮拥挤 而你在我眼里♥️,天真是只小狮纸吖,颜值
7911927,https://rpic.douyucdn.cn/asrpic/200430/7911927_1120.png/dy1,憨憨新主播在线蹲个Boy,凤年子清,颜值
7788323,https://rpic.douyucdn.cn/live-cover/appCovers/2020/02/22/7788323_20200222200351_small.jpg,生日了，我快乐吗？祝自己天天开心吧。,Baby贺思思,颜值
7674408,https://rpic.douyucdn.cn/asrpic/200430/7674408_1120.png/dy1,官方推荐新人主播 7674408,爱喝可乐的里里,颜值
8409113,https://rpic.douyucdn.cn/live-cover/appCovers/2020/03/18/8409113_20200318214752_small.jpg,4月最后一天 四星冲鸭！,璇小釸,颜值
8518853,https://rpic.douyucdn.cn/live-cover/appCovers/2020/04/11/8518853_20200411192437_small.jpg,主播距你0.3公里,杰尼杰尼w,颜值
8356438,https://rpic.douyucdn.cn/asrpic/200430/8356438_1121.png/dy1,等你好久了知道嘛,锦鲤雪,颜值
8268968,https://rpic.douyucdn.cn/asrpic/200430/8268968_1121.png/dy1,等风亦等你 8268968,九七ym,颜值
7733614,https://rpic.douyucdn.cn/asrpic/200430/7733614_1120.png/dy1,❤弹唱小仙女❤,肉肉的肉球吖,颜值
6411910,https://rpic.douyucdn.cn/asrpic/200430/6411910_1120.png/dy1,你一出场别人都显得不过如此,妮妮nnm,颜值
8544324,https://rpic.douyucdn.cn/asrpic/200430/8544324_1121.png/dy1,你的专属情歌电台,圆圆今天不在家,颜值
7446649,https://rpic.douyucdn.cn/live-cover/appCovers/2020/03/08/7446649_20200308203716_small.jpg,厦门网友 在线尬聊,蜜桃miki,颜值
7216674,https://rpic.douyucdn.cn/asrpic/200430/7216674_1120.png/dy1,走近你欣里,夏可欣吖,颜值
8386302,https://rpic.douyucdn.cn/live-cover/appCovers/2020/04/15/8386302_20200415200159_small.jpg,土拨鼠头目,雪橙橙丶,颜值
7027893,https://rpic.douyucdn.cn/live-cover/appCovers/2020/04/13/7027893_20200413000341_small.jpg,人间芭比❤️,鲸七七丶,颜值
771592,https://rpic.douyucdn.cn/live-cover/roomCover/2020/04/17/b67c90b9740da039506d14e2e82cc4d4_big.jpg,只为欢声笑语,周法法法法法,颜值
6665466,https://rpic.douyucdn.cn/asrpic/200430/6665466_1120.png/dy1,新人多多，人美歌甜，请多关照~,小芭比多多,颜值
974894,https://rpic.douyucdn.cn/asrpic/200430/974894_1120.png/dy1,有种才华叫眼光,林小鸟a,颜值
7934467,https://rpic.douyucdn.cn/asrpic/200430/7934467_1120.png/dy1,五星~我不配拥有吗,Yummy琪宝,颜值
2449973,https://rpic.douyucdn.cn/live-cover/appCovers/2020/04/15/2449973_20200415193900_small.jpg,新人主播想要渡劫啊啊啊,Wuli伊凡,颜值
3534241,https://rpic.douyucdn.cn/live-cover/appCovers/2020/04/30/3534241_20200430102406_small.jpg,呆萌主播的直播间,柠檬不萌萌ya,颜值
7328539,https://rpic.douyucdn.cn/asrpic/200430/7328539_1120.png/dy1,成都混武汉的仔~,小了盆了栽,颜值
7905573,https://rpic.douyucdn.cn/asrpic/200430/7905573_1120.png/dy1,新人报道7905573,你的樱桃小雪啊,颜值
6011317,https://rpic.douyucdn.cn/live-cover/appCovers/2020/04/01/6011317_20200401133614_small.jpg,越努力越幸运～～,阿沐沐OvO,颜值
7841194,https://rpic.douyucdn.cn/live-cover/appCovers/2020/04/05/7841194_20200405235305_small.jpg,想被人守护,小舒没吃饱,颜值
6627216,https://rpic.douyucdn.cn/live-cover/roomCover/2019/08/29/aee7b62b8f758d9e344b18b14741c82b_big.jpg,唱歌主播❤慢慢相遇美好,l潇潇妞妞,颜值
5445728,https://rpic.douyucdn.cn/asrpic/200430/5445728_1120.png/dy1,遇见你就是幸运5445728,猪洛洛Athene,颜值
8473638,https://rpic.douyucdn.cn/asrpic/200430/8473638_1121.png/dy1,:满月了，感恩有你一路相伴,卫卫丫,颜值
7342542,https://rpic.douyucdn.cn/asrpic/200430/7342542_1120.png/dy1,想你想你想我~ 7342542,小倩倩呐QAQ,颜值
7899842,https://rpic.douyucdn.cn/live-cover/appCovers/2019/12/22/7899842_20191222003506_small.jpg,总有些惊奇的际遇～ 7899842,栀多芯Nico,颜值
7835442,https://rpic.douyucdn.cn/live-cover/appCovers/2020/02/13/7835442_20200213135047_small.jpg,我还在等你 7835442,小洁睡醒了吗,颜值
1887656,https://rpic.douyucdn.cn/live-cover/appCovers/2020/04/17/1887656_20200417181914_small.jpg,急寻全站最强1887656,林雨嘉YuGa,颜值
7904676,https://rpic.douyucdn.cn/asrpic/200430/7904676_1120.png/dy1,为什么你不在 7904676,蕾蕾酱y,颜值
6013087,https://rpic.douyucdn.cn/asrpic/200430/6013087_1120.png/dy1,臭弟弟进来听歌 6013087,鱼Galn,颜值
6902584,https://rpic.douyucdn.cn/asrpic/200430/6902584_1120.png/dy1,欢迎江浙沪一带留守儿童,爱笑的李梦儿,颜值
1110098,https://rpic.douyucdn.cn/live-cover/appCovers/2019/12/24/1110098_20191224025552_small.jpg,南京的绿色健康小清新,林耿耿Moon,颜值
7296970,https://rpic.douyucdn.cn/asrpic/200430/7296970_1120.png/dy1,东北微胖温柔妹妹,羽妹儿ii,颜值
5344241,https://rpic.douyucdn.cn/asrpic/200430/5344241_1120.png/dy1,开心就笑一笑,巧克俪,颜值
4463647,https://rpic.douyucdn.cn/asrpic/200430/4463647_1120.png/dy1,守护头最大的美鹿,你的美鹿,颜值
8198451,https://rpic.douyucdn.cn/asrpic/200430/8198451_1120.png/dy1,晚上官P抬一手~,柠檬亦甜,颜值
8402891,https://rpic.douyucdn.cn/asrpic/200430/8402891_1121.png/dy1,专业歌手！,Uh一Boom,颜值
8210004,https://rpic.douyucdn.cn/asrpic/200430/8210004_1120.png/dy1,澳洲新人主播，请多关照~,一纳oO,颜值
2141766,https://rpic.douyucdn.cn/asrpic/200430/2141766_1120.png/dy1,主播你怎么没睡醒就来直播了,珂珂宝丶,颜值
688928,https://rpic.douyucdn.cn/live-cover/roomCover/2020/04/06/bc1f056ba4adcde73c55da139a8bd07b_big.jpg,点一首歌，唱你的故事～,小6想去月球,颜值
7750753,https://rpic.douyucdn.cn/live-cover/appCovers/2019/11/13/7750753_20191113162304_small.jpg,好想渡劫好想渡劫,圈圈酱er,颜值
6458138,https://rpic.douyucdn.cn/live-cover/appCovers/2020/04/22/6458138_20200422193033_small.jpg,最后一天求渡劫吖,姗宝lavender,颜值
7576065,https://rpic.douyucdn.cn/asrpic/200430/7576065_1120.png/dy1,努力渡劫啊啊啊啊啊啊!!,魚小小Cook,颜值
2485173,https://rpic.douyucdn.cn/asrpic/200430/2485173_1120.png/dy1,福建小改改！！,伊乐zz,颜值
7893584,https://rpic.douyucdn.cn/asrpic/200430/7893584_1120.png/dy1,生日快乐，长大一岁,抱走小酥一,颜值
8580287,https://rpic.douyucdn.cn/asrpic/200430/8580287_1121.png/dy1,南方姑娘8580287,王饱饱同学,颜值
5159951,https://rpic.douyucdn.cn/live-cover/appCovers/2020/04/21/5159951_20200421122703_small.jpg,有喜欢听闽南歌的吗？,你的初心啊丶,颜值
861644,https://rpic.douyucdn.cn/asrpic/200430/861644_1125.png/dy1,早上好鸭~~~~~,宝儿宝贝儿儿,颜值
8426594,https://rpic.douyucdn.cn/live-cover/appCovers/2020/04/20/8426594_20200420120021_small.jpg,有点憨憨的娃娃脸妹妹,是我的小淘气,颜值
5319326,https://rpic.douyucdn.cn/live-cover/appCovers/2020/04/29/5319326_20200429043924_small.jpg,“我们爱过又忘记”,漩涡三两,颜值
3184365,https://rpic.douyucdn.cn/live-cover/appCovers/2020/02/15/3184365_20200215194713_small.jpg,马上渡劫100级！,猫柒月,颜值
6832274,https://rpic.douyucdn.cn/live-cover/roomCover/2020/01/14/0103547af342031cb15b94397e1ff7e0_big.jpg,四月份的尾巴 6832274,海乐丶美淇,颜值
8528568,https://rpic.douyucdn.cn/asrpic/200430/8528568_0214.png/dy1,本月最后一天要更加努力,啾啾儿love,颜值
8406337,https://rpic.douyucdn.cn/asrpic/200430/8406337_1121.png/dy1,谁能陪我直到天明，穿透这片迷蒙寂静,夏小颜x,颜值
1894527,https://rpic.douyucdn.cn/asrpic/200430/1894527_1120.png/dy1,素颜播两天,uneeZ,颜值
8494916,https://rpic.douyucdn.cn/asrpic/200430/8494916_1121.png/dy1,好害羞别进来~,鹿鹿yori,颜值
5161992,https://rpic.douyucdn.cn/live-cover/appCovers/2020/04/07/5161992_20200407122916_small.jpg,阿懵：还有一个你❤️,阿懵Nolan,颜值
7556288,https://rpic.douyucdn.cn/asrpic/200430/7556288_1120.png/dy1,我就要做你的偏爱和例外,贝贝bay,颜值
4721320,https://rpic.douyucdn.cn/asrpic/200430/4721320_1120.png/dy1,新人主播回收二手大哥,奶豆kmk,颜值
8544379,https://rpic.douyucdn.cn/asrpic/200430/8544379_1121.png/dy1,湖南小姐姐求关注,一只小丝瓜,颜值
4656563,https://rpic.douyucdn.cn/live-cover/appCovers/2020/04/01/4656563_20200401104546_small.jpg,你会不会忽然的出现 4656563,张静初表妹,颜值
8443163,https://rpic.douyucdn.cn/live-cover/appCovers/2020/03/28/8443163_20200328092230_small.jpg,星星在天上，你在我心,那兰星儿,颜值
7562088,https://rpic.douyucdn.cn/asrpic/200430/7562088_1120.png/dy1,只差3000 7562088,7雯呀,颜值
8567833,https://rpic.douyucdn.cn/asrpic/200430/8567833_1121.png/dy1,新人求关注 8567833,海乐乐乐酱,颜值
7776530,https://rpic.douyucdn.cn/asrpic/200430/7776530_1120.png/dy1,何其有幸遇见你 7776530,喝冰阔乐的昕昕,颜值
225659,https://rpic.douyucdn.cn/asrpic/200430/225659_1124.png/dy1,二帆：听歌的进,Y二帆,颜值
6994963,https://rpic.douyucdn.cn/live-cover/appCovers/2020/02/04/6994963_20200204115239_small.jpg,唱歌弹琴给你听,大卫吃饭就吃肉,颜值
6887282,https://rpic.douyucdn.cn/asrpic/200430/6887282_1120.png/dy1,你的唯一标配女友,小泽玛利奥ii,颜值
6175050,https://rpic.douyucdn.cn/live-cover/appCovers/2020/04/27/6175050_20200427131807_small.jpg,天青色等烟雨 6175050,依然是伊一,颜值
8328062,https://rpic.douyucdn.cn/live-cover/appCovers/2020/04/30/8328062_20200430032422_small.jpg,我罩你！！！,粉系少女小三月,颜值
6074140,https://rpic.douyucdn.cn/live-cover/appCovers/2020/04/01/6074140_20200401201631_small.jpg,越努力越幸运 6074140,大欢呐,颜值
8270441,https://rpic.douyucdn.cn/live-cover/appCovers/2020/04/22/8270441_20200422111730_small.jpg,新人开播8270441,CoCo林可,颜值
6074140,https://rpic.douyucdn.cn/live-cover/appCovers/2020/04/01/6074140_20200401201631_small.jpg,越努力越幸运 6074140,大欢呐,颜值
6932960,https://rpic.douyucdn.cn/asrpic/200430/6932960_1120.png/dy1,安徽小姐姐了解一哈,是舒雅吖,颜值
6746482,https://rpic.douyucdn.cn/asrpic/200430/6746482_1120.png/dy1,第一天直播  诚招大哥粉丝,战斗鸡雯雯,颜值
8348879,https://rpic.douyucdn.cn/asrpic/200430/8348879_1121.png/dy1,小可怜没人疼爱 没人守护,Wl傻白甜,颜值
3904394,https://rpic.douyucdn.cn/live-cover/appCovers/2020/04/11/3904394_20200411204806_small.jpg,万家灯火 有没有灯为我开,楚儿大宝贝,颜值
6624799,https://rpic.douyucdn.cn/live-cover/appCovers/2020/04/08/6624799_20200408215233_small.jpg,世界这么大还是遇见你 6624799,阿雯天天见,颜值
8496757,https://rpic.douyucdn.cn/asrpic/200430/8496757_1121.png/dy1,广东潮汕美女一枚～,你的柚佳呐,颜值
7032776,https://rpic.douyucdn.cn/live-cover/appCovers/2020/04/23/7032776_20200423090528_small.jpg,种下那棵树 遇见那个属于自己的心灵的树洞,贝壳姑娘ll,颜值
5768365,https://rpic.douyucdn.cn/live-cover/appCovers/2020/03/13/5768365_20200313074148_small.jpg,斗鱼雷佳音  不是一个人的战斗,浩家郡丶甘肃小浩哥,颜值
7685642,https://rpic.douyucdn.cn/live-cover/appCovers/2020/04/29/7685642_20200429200904_small.jpg,【欧洲渡劫直播间】梦予儿～,梦予儿,颜值
8496757,https://rpic.douyucdn.cn/asrpic/200430/8496757_1121.png/dy1,广东潮汕美女一枚～,你的柚佳呐,颜值
5798903,https://rpic.douyucdn.cn/asrpic/200430/5798903_1120.png/dy1,春风十里 都不如你,你的晚晚呀,颜值
6537754,https://rpic.douyucdn.cn/asrpic/200430/6537754_1120.png/dy1,速度速度呀,诗雅yami,颜值
8621152,https://rpic.douyucdn.cn/asrpic/200430/8621152_1121.png/dy1,没关系 多久我都等你,牙牙LE,颜值
8269224,https://rpic.douyucdn.cn/asrpic/200430/8269224_1121.png/dy1,可可超想你哈哈哈8269224,可可好酷,颜值
8507847,https://rpic.douyucdn.cn/asrpic/200430/8507847_1121.png/dy1,湖南小姐姐 求关注,有点小欣,颜值
7525800,https://rpic.douyucdn.cn/asrpic/200430/7525800_1120.png/dy1,夏天能带来你吗,小英子吖,颜值
2282666,https://rpic.douyucdn.cn/live-cover/appCovers/2020/04/10/2282666_20200410185912_small.jpg,葡萄美酒夜光卑 谁卑微 我卑微,叶如果,颜值
8497450,https://rpic.douyucdn.cn/live-cover/appCovers/2020/03/31/8497450_20200331225820_small.jpg,新人开播第一天求关注~,美伢呀Miya,颜值
8550789,https://rpic.douyucdn.cn/live-cover/appCovers/2020/04/11/8550789_20200411155727_small.jpg,灵儿求陪伴！,你的小小灵儿,颜值
8581705,https://rpic.douyucdn.cn/asrpic/200430/8581705_1121.png/dy1,长沙新主播舞蹈,小U哈under,颜值
7822119,https://rpic.douyucdn.cn/asrpic/200430/7822119_1120.png/dy1,唱歌的江苏小姐姐,小赵不吃药药,颜值
8487554,https://rpic.douyucdn.cn/asrpic/200430/8487554_1121.png/dy1,新人火火求关注,火火有点饿丶,颜值
5598866,https://rpic.douyucdn.cn/asrpic/200430/5598866_1120.png/dy1,佛系主播在线随缘唱歌,不再文藝,颜值
7773141,https://rpic.douyucdn.cn/asrpic/200430/7773141_1120.png/dy1,做我哥哥我宠你,纯甄小妲己,颜值
7696149,https://rpic.douyucdn.cn/asrpic/200430/7696149_1120.png/dy1,新的一周，加油,爱美思U,颜值
7034934,https://rpic.douyucdn.cn/live-cover/appCovers/2020/04/16/7034934_20200416100715_small.jpg,加油 你是最胖的,小小小仙儿吖,颜值
8421964,https://rpic.douyucdn.cn/live-cover/appCovers/2020/04/28/8421964_20200428201126_small.jpg,成都网友 在线尬聊,毒药丶小姐姐,颜值
1125263,https://rpic.douyucdn.cn/live-cover/appCovers/2019/07/29/1125263_20190729235629_small.jpg,真人比直播好看系列,白菜baby,颜值
3343191,https://rpic.douyucdn.cn/live-cover/appCovers/2020/03/14/3343191_20200314061945_small.jpg,简简单单 明天搬砖,纳尼oh,颜值
roomnum,roomimgurl,roomname,username,classify
8532659,https://rpic.douyucdn.cn/asrpic/200430/8532659_1458.png/dy1,告诉桃花，今年就在这开了,Li智楠,颜值
7788323,https://rpic.douyucdn.cn/live-cover/appCovers/2020/02/22/7788323_20200222200351_small.jpg,生日了，我快乐吗？祝自己天天开心吧。,Baby贺思思,颜值
8426594,https://rpic.douyucdn.cn/live-cover/appCovers/2020/04/20/8426594_20200420120021_small.jpg,有点憨憨的娃娃脸妹妹,是我的小淘气,颜值
6763236,https://rpic.douyucdn.cn/asrpic/200430/6763236_1457.png/dy1,抓到一只小空姐,小空姐丶楚亦白,颜值
6227891,https://rpic.douyucdn.cn/live-cover/appCovers/2019/11/08/6227891_20191108130521_small.jpg,42级冲鸭,元気小辣椒,颜值
3866447,https://rpic.douyucdn.cn/live-cover/appCovers/2018/04/12/3866447_20180412205544_small.jpg,情怀大哥俱乐部,十二月老铁,颜值
8318839,https://rpic.douyucdn.cn/live-cover/appCovers/2020/04/17/8318839_20200417124213_small.jpg,四月最后一天 不过30级不下播！！！！,一个梁梁梁,颜值
7059491,https://rpic.douyucdn.cn/live-cover/appCovers/2020/04/29/7059491_20200429172530_small.jpg,世界如此美妙，斗鱼那么大你我会相遇吗？,白浅小白,颜值
8653753,https://rpic.douyucdn.cn/live-cover/roomCover/2020/04/27/eb60d69a452c10e6dae607b0157f3840_big.jpg,我在纸上留白 只为等风来.,Your情书,颜值
8157662,https://rpic.douyucdn.cn/live-cover/appCovers/2020/03/24/8157662_20200324004211_small.jpg,和雷佳音聊聊天吧,温亮亮亮亮,颜值
8157662,https://rpic.douyucdn.cn/live-cover/appCovers/2020/03/24/8157662_20200324004211_small.jpg,和雷佳音聊聊天吧,温亮亮亮亮,颜值
6227891,https://rpic.douyucdn.cn/live-cover/appCovers/2019/11/08/6227891_20191108130521_small.jpg,42级冲鸭,元気小辣椒,颜值
2449973,https://rpic.douyucdn.cn/live-cover/appCovers/2020/04/15/2449973_20200415193900_small.jpg,新人主播想要渡劫啊啊啊,Wuli伊凡,颜值
8183728,https://rpic.douyucdn.cn/asrpic/200430/8183728_1458.png/dy1,浙江小改改~,丶乐多丶,颜值
6914178,https://rpic.douyucdn.cn/asrpic/200430/6914178_1457.png/dy1,新人主播，盼君共勉,Li果果吖,颜值
8051609,https://rpic.douyucdn.cn/asrpic/200430/8051609_1457.png/dy1,溜溜陪你大吉大利~,yoyo溜溜球回来了,颜值
8429141,https://rpic.douyucdn.cn/asrpic/200430/8429141_1458.png/dy1,虎哥弹唱开课啦~~,凤年虎子哥歌,颜值
8060531,https://rpic.douyucdn.cn/asrpic/200430/8060531_1457.png/dy1,好吃不如饺子 8060531,嫂子aimy,颜值
8300920,https://rpic.douyucdn.cn/asrpic/200430/8300920_1458.png/dy1,能遇见你已经很不可思议了,Jay路小雨1,颜值
3725015,https://rpic.douyucdn.cn/live-cover/appCovers/2019/06/04/3725015_20190604141835_small.jpg,土家族唱歌小姐姐,熊二抱抱,颜值
7446649,https://rpic.douyucdn.cn/live-cover/appCovers/2020/03/08/7446649_20200308203716_small.jpg,厦门网友 在线尬聊,蜜桃miki,颜值
8591428,https://rpic.douyucdn.cn/asrpic/200430/8591428_1458.png/dy1,代表月亮削死你~,海乐丶水冰月,颜值
7027893,https://rpic.douyucdn.cn/live-cover/appCovers/2020/04/13/7027893_20200413000341_small.jpg,人间芭比❤️,鲸七七丶,颜值
6214141,https://rpic.douyucdn.cn/asrpic/200430/6214141_1457.png/dy1,太凉了 凉哭了,奶油爱莉丝,颜值
8544324,https://rpic.douyucdn.cn/asrpic/200430/8544324_1458.png/dy1,你的专属情歌电台,圆圆今天不在家,颜值
6411910,https://rpic.douyucdn.cn/asrpic/200430/6411910_1447.png/dy1,你一出场别人都显得不过如此,妮妮nnm,颜值
6557539,https://rpic.douyucdn.cn/asrpic/200430/6557539_1457.png/dy1,谁是大赢家,财富之神Hermes,颜值
5591497,https://rpic.douyucdn.cn/asrpic/200430/5591497_1456.png/dy1,晚上九点公会赛，求哥哥助力！,如花吖丶,颜值
2228580,https://rpic.douyucdn.cn/live-cover/appCovers/2020/03/02/2228580_20200302161155_small.jpg,一个小主播呀 ～,米米nnn,颜值
3853457,https://rpic.douyucdn.cn/live-cover/appCovers/2019/08/14/3853457_20190814094651_small.jpg,品 你细品,歌神韦爵爷,颜值
3853457,https://rpic.douyucdn.cn/live-cover/appCovers/2019/08/14/3853457_20190814094651_small.jpg,品 你细品,歌神韦爵爷,颜值
5445728,https://rpic.douyucdn.cn/asrpic/200430/5445728_1456.png/dy1,遇见你就是幸运5445728,猪洛洛Athene,颜值
44292,https://rpic.douyucdn.cn/asrpic/200430/44292_1455.png/dy1,谁来保护下我呀~,九头身长腿佩佩,颜值
5688684,https://rpic.douyucdn.cn/asrpic/200430/5688684_1456.png/dy1,小野拯救不开心！,DBD小野吖,颜值
7430970,https://rpic.douyucdn.cn/live-cover/appCovers/2020/04/20/7430970_20200420033047_small.jpg,新人直播第一天 7430970,凌宝宝Oo丶,颜值
6902584,https://rpic.douyucdn.cn/asrpic/200430/6902584_1457.png/dy1,欢迎江浙沪一带留守儿童,爱笑的李梦儿,颜值
5344241,https://rpic.douyucdn.cn/asrpic/200430/5344241_1456.png/dy1,开心就笑一笑,巧克俪,颜值
7032776,https://rpic.douyucdn.cn/live-cover/appCovers/2020/04/23/7032776_20200423090528_small.jpg,种下那棵树 遇见那个属于自己的心灵的树洞,贝壳姑娘ll,颜值
511452,https://rpic.douyucdn.cn/live-cover/appCovers/2020/02/06/511452_20200206212829_small.jpg,我可能不够好，却只对你好,心心心念念,颜值
7914101,https://rpic.douyucdn.cn/asrpic/200430/7914101_1457.png/dy1,今天是元气的憨憨唱歌主播~,沐青弦丶,颜值
6494527,https://rpic.douyucdn.cn/asrpic/200430/6494527_1457.png/dy1,一个有味道的直播间6494527,困困不困o,颜值
6969000,https://rpic.douyucdn.cn/asrpic/200430/6969000_1457.png/dy1,魔鬼面庞天使弹唱,弹吉他的蛋蛋丶,颜值
7904676,https://rpic.douyucdn.cn/asrpic/200430/7904676_1457.png/dy1,为什么你不在 7904676,蕾蕾酱y,颜值
7675199,https://rpic.douyucdn.cn/live-cover/appCovers/2020/04/25/7675199_20200425184336_small.jpg,粤语气人小天后,xun寻寻,颜值
3458077,https://rpic.douyucdn.cn/live-cover/appCovers/2020/04/23/3458077_20200423001504_small.jpg,可甜可盐系的辣女孩,好吃的牙儿丶,颜值
1420682,https://rpic.douyucdn.cn/asrpic/200430/1420682_1456.png/dy1,后天聋哑美少女：元气满满的一天又开始啦,蕾欧娜6969,颜值
4609493,https://rpic.douyucdn.cn/live-cover/appCovers/2020/04/03/4609493_20200403170411_small.jpg,随缘………………,夏盈er,颜值
6914178,https://rpic.douyucdn.cn/asrpic/200430/6914178_1457.png/dy1,新人主播，盼君共勉,Li果果吖,颜值
8548315,https://rpic.douyucdn.cn/live-cover/appCovers/2020/04/16/8548315_20200416094317_small.jpg,新的一天新的开始 8548315,考拉同学koala,颜值
4933024,https://rpic.douyucdn.cn/live-cover/appCovers/2020/02/23/4933024_20200223050145_small.jpg,我在苏州你在哪,大晶要变瘦,颜值
1269983,https://rpic.douyucdn.cn/asrpic/200430/1269983_1456.png/dy1,打会游戏 上分 征服之海飞机上车,球小西c,颜值
6746482,https://rpic.douyucdn.cn/asrpic/200430/6746482_1457.png/dy1,第一天直播  诚招大哥粉丝,战斗鸡雯雯,颜值
5319326,https://rpic.douyucdn.cn/live-cover/appCovers/2020/04/29/5319326_20200429043924_small.jpg,“我们爱过又忘记”,漩涡三两,颜值
8338360,https://rpic.douyucdn.cn/live-cover/appCovers/2020/04/30/8338360_20200430112251_small.jpg,最后一天了 冲鸭！,欣然jessica,颜值
6602921,https://rpic.douyucdn.cn/live-cover/appCovers/2020/04/17/6602921_20200417150428_small.jpg,"在靠近一点点
6602921",不可爱的尤拉o,颜值
756836,https://rpic.douyucdn.cn/live-cover/appCovers/2020/03/25/756836_20200325202003_small.jpg,总有些惊奇的际遇，比如我遇见你。,我是你的夏夏啊,颜值
4548468,https://rpic.douyucdn.cn/asrpic/200430/4548468_1456.png/dy1,一个即将到期的主播！！,牛小豪,颜值
8342040,https://rpic.douyucdn.cn/asrpic/200430/8342040_1458.png/dy1,所有的美好都将与你不柒而遇,柒梦欧尼,颜值
5765095,https://rpic.douyucdn.cn/asrpic/200429/5765095_2308.png/dy1,纯天然唱跳大姐姐^ ^,蓉儿babe,颜值
8604157,https://rpic.douyucdn.cn/live-cover/appCovers/2020/04/30/8604157_20200430140743_small.jpg,是你想见的朵朵呀~,唐耳朵朵,颜值
8530509,https://rpic.douyucdn.cn/asrpic/200430/8530509_1458.png/dy1,你是天赐的礼物 我迟来的救赎,一只小宝妮吖,颜值
7820324,https://rpic.douyucdn.cn/asrpic/200430/7820324_1457.png/dy1,一个唱歌主播,奶思baby不吃鱼,颜值
3397784,https://rpic.douyucdn.cn/live-cover/appCovers/2020/03/30/3397784_20200330120157_small.jpg,日久见人心 3397784,睡不醒的李小白,颜值
7295152,https://rpic.douyucdn.cn/live-cover/appCovers/2020/04/08/7295152_20200408132131_small.jpg,嘿  你的girls~,周昭芹,颜值
6704438,https://rpic.douyucdn.cn/asrpic/200430/6704438_1457.png/dy1,新惩罚，新玩法,爱上女团,颜值
7934979,https://rpic.douyucdn.cn/asrpic/200430/7934979_1457.png/dy1,干啥啥不行，吃饭第一名 7934979,小青酱QAQ,颜值
7723008,https://rpic.douyucdn.cn/live-cover/appCovers/2020/04/21/7723008_20200421132852_small.jpg,铁汁 今天也要开心哦,酥酥就是小酥酥,颜值
8482444,https://rpic.douyucdn.cn/asrpic/200430/8482444_1458.png/dy1,五月一日满月,兔兔被吃掉惹Q,颜值
8114978,https://rpic.douyucdn.cn/live-cover/appCovers/2020/03/26/8114978_20200326210512_small.jpg,欢迎大家哦！！！！,陈二仙儿,颜值
5972339,https://rpic.douyucdn.cn/live-cover/appCovers/2020/04/19/5972339_20200419213857_small.jpg,王多鱼 进来投项目啦,凯蒂bb,颜值
8482444,https://rpic.douyucdn.cn/asrpic/200430/8482444_1458.png/dy1,五月一日满月,兔兔被吃掉惹Q,颜值
5972339,https://rpic.douyucdn.cn/live-cover/appCovers/2020/04/19/5972339_20200419213857_small.jpg,王多鱼 进来投项目啦,凯蒂bb,颜值
7727075,https://rpic.douyucdn.cn/asrpic/200430/7727075_1457.png/dy1,亦可不才  自认是匹千里马 却不遇伯乐,陳亦可,颜值
7556288,https://rpic.douyucdn.cn/asrpic/200430/7556288_1457.png/dy1,我就要做你的偏爱和例外,贝贝bay,颜值
8453868,https://rpic.douyucdn.cn/asrpic/200430/8453868_1458.png/dy1,这是一个有香气的直播间,奶凶奶凶滴,颜值
7562088,https://rpic.douyucdn.cn/asrpic/200430/7562088_1457.png/dy1,最后一天 7562088,7雯呀,颜值
6458853,https://rpic.douyucdn.cn/asrpic/200430/6458853_1457.png/dy1,做一个快乐的人 6458853,艾玉er,颜值
5161992,https://rpic.douyucdn.cn/live-cover/appCovers/2020/04/07/5161992_20200407122916_small.jpg,阿懵：还有一个你❤️,阿懵Nolan,颜值
7872260,https://rpic.douyucdn.cn/asrpic/200430/7872260_1457.png/dy1,本人比照片好看系列 7872260,sweet甜甜酱,颜值
7856418,https://rpic.douyucdn.cn/live-cover/appCovers/2020/01/13/7856418_20200113204355_small.jpg,最后一天也要努力鸭,主持人吉豆儿,颜值
7731215,https://rpic.douyucdn.cn/asrpic/200430/7731215_1457.png/dy1,一心很甜呦,一心有点甜,颜值
7034934,https://rpic.douyucdn.cn/live-cover/appCovers/2020/04/16/7034934_20200416100715_small.jpg,加油 你是最胖的,小小小仙儿吖,颜值
7799826,https://rpic.douyucdn.cn/asrpic/200430/7799826_1457.png/dy1,正能量绿色直播间,Da大乔,颜值
2136878,https://rpic.douyucdn.cn/live-cover/appCovers/2020/03/08/2136878_20200308010503_small.jpg,今天也是很欧的一天哦！,Zz仔仔呐,颜值
6932960,https://rpic.douyucdn.cn/asrpic/200430/6932960_1457.png/dy1,安徽小姐姐了解一哈,是舒雅吖,颜值
8533390,https://rpic.douyucdn.cn/asrpic/200430/8533390_1458.png/dy1,招财猫来咯~关注她,猫一姐姐,颜值
7776530,https://rpic.douyucdn.cn/asrpic/200430/7776530_1457.png/dy1,何其有幸遇见你 7776530,喝冰阔乐的昕昕,颜值
4294302,https://rpic.douyucdn.cn/asrpic/200430/4294302_1456.png/dy1,来个盖世英雄管管我吧,航航可瘦了,颜值
4056762,https://rpic.douyucdn.cn/live-cover/appCovers/2020/03/27/4056762_20200327075252_small.jpg,有计划吗？喜欢我的计划,大宁妹妹,颜值
7273875,https://rpic.douyucdn.cn/live-cover/roomCover/2020/04/26/183f68510a8db153d5537f88d7f94f61_big.jpg,新主播第一天 7273875,静静乖球的,颜值
4294302,https://rpic.douyucdn.cn/asrpic/200430/4294302_1456.png/dy1,来个盖世英雄管管我吧,航航可瘦了,颜值
8621152,https://rpic.douyucdn.cn/asrpic/200430/8621152_1458.png/dy1,没关系 多久我都等你,牙牙LE,颜值
7685642,https://rpic.douyucdn.cn/asrpic/200430/7685642_1457.png/dy1,【欧洲渡劫直播间】梦予儿～,梦予儿,颜值
8640815,https://rpic.douyucdn.cn/asrpic/200430/8640815_1458.png/dy1,一见倾心艾鑫酱哟~,艾鑫酱,颜值
5482063,https://rpic.douyucdn.cn/asrpic/200430/5482063_1456.png/dy1,拜托了 只想过个五星而已~,小布丁有好多鱼,颜值
6011317,https://rpic.douyucdn.cn/live-cover/appCovers/2020/04/01/6011317_20200401133614_small.jpg,越努力越幸运～～,阿沐沐OvO,颜值
7881962,https://rpic.douyucdn.cn/asrpic/200430/7881962_1457.png/dy1,能唱会跳还是个rapper,不会变的是艾艾,颜值
8581705,https://rpic.douyucdn.cn/asrpic/200430/8581705_1458.png/dy1,长沙新主播舞蹈,小U哈under,颜值
7701681,https://rpic.douyucdn.cn/asrpic/200430/7701681_1457.png/dy1,继续加油啊,小苏蘇Ya,颜值
6686452,https://rpic.douyucdn.cn/asrpic/200430/6686452_1457.png/dy1,我的活就是挨揍,柳哥dd,颜值
7701681,https://rpic.douyucdn.cn/asrpic/200430/7701681_1457.png/dy1,继续加油啊,小苏蘇Ya,颜值
6686452,https://rpic.douyucdn.cn/asrpic/200430/6686452_1457.png/dy1,我的活就是挨揍,柳哥dd,颜值
8580741,https://rpic.douyucdn.cn/asrpic/200430/8580741_1458.png/dy1,新人主播，等一个你,陌霏c,颜值
7964768,https://rpic.douyucdn.cn/asrpic/200430/7964768_1457.png/dy1,南航174小姐姐本人比照片好看,柯柯小姐姐,颜值
8579754,https://rpic.douyucdn.cn/asrpic/200430/8579754_1458.png/dy1,愿所有美好如期而至,蓝迪598,颜值
8406337,https://rpic.douyucdn.cn/asrpic/200430/8406337_1458.png/dy1,谁能陪我直到天明，穿透这片迷蒙寂静,夏小颜x,颜值
7729151,https://rpic.douyucdn.cn/live-cover/appCovers/2020/02/25/7729151_20200225094807_small.jpg,你是真的很想逃   但你根本逃不掉,嘟嘟小胖脸儿,颜值
7909096,https://rpic.douyucdn.cn/asrpic/200430/7909096_1457.png/dy1,你的学妹来了。。,陈登登aa,颜值
8141359,https://rpic.douyucdn.cn/asrpic/200430/8141359_1457.png/dy1,冲！奥利给,晚柠cc,颜值
5455751,https://rpic.douyucdn.cn/live-cover/appCovers/2020/04/02/5455751_20200402094523_small.jpg,认识一哈～,吃饱困zZ,颜值
8502188,https://rpic.douyucdn.cn/asrpic/200430/8502188_1458.png/dy1,点击进入可爱区。,陈筱诺,颜值
8385408,https://rpic.douyucdn.cn/asrpic/200430/8385408_1458.png/dy1,轮也轮到我了吧,诺言儿e,颜值
7525800,https://rpic.douyucdn.cn/asrpic/200430/7525800_1457.png/dy1,夏天能带来你吗,小英子吖,颜值
8313162,https://rpic.douyucdn.cn/asrpic/200430/8313162_1458.png/dy1,招迷路的房管啦,沫baby,颜值
7947979,https://rpic.douyucdn.cn/asrpic/200430/7947979_1457.png/dy1,你喜欢的样子娜娜都有~,吴娜娜深圳,颜值
8631355,https://rpic.douyucdn.cn/asrpic/200430/8631355_1458.png/dy1,英国在读小姐姐,桃一休,颜值
8310100,https://rpic.douyucdn.cn/asrpic/200430/8310100_1458.png/dy1,苦一点没关系’我甜,小依依呐,颜值
8143877,https://rpic.douyucdn.cn/live-cover/roomCover/2020/04/30/195427ace91d47f0c0e66a169d894a46_big.jpg,我是你的小宝贝嘛,桃宫莓哦,颜值
5694301,https://rpic.douyucdn.cn/live-cover/appCovers/2020/04/22/5694301_20200422223625_small.jpg,❤️好想过五星鸭～,李周周呀,颜值
8629910,https://rpic.douyucdn.cn/live-cover/appCovers/2020/04/25/8629910_20200425123719_small.jpg,新人邻家小妹第5天播,梨梨玛莲,颜值
roomnum,roomimgurl,roomname,username,classify
6291080,https://rpic.douyucdn.cn/asrpic/200430/6291080_0429.png/dy1,某一刻你的光照亮了我,瑄璐,颜值
6081679,https://rpic.douyucdn.cn/live-cover/appCovers/2020/04/02/6081679_20200402034337_small.jpg,今天可以渡劫吗,啊钦miko,颜值
6595460,https://rpic.douyucdn.cn/asrpic/200430/6595460_1552.png/dy1,一枚唱歌主播,胡小胡singer,颜值
6147166,https://rpic.douyucdn.cn/asrpic/200430/6147166_1552.png/dy1,别再说我像那谁啦~,柠新,颜值
3397784,https://rpic.douyucdn.cn/live-cover/appCovers/2020/03/30/3397784_20200330120157_small.jpg,日久见人心 3397784,睡不醒的李小白,颜值
2074766,https://rpic.douyucdn.cn/live-cover/appCovers/2020/04/27/2074766_20200427181159_small.jpg,一见如故，眉目成书,冷伊宁,颜值
5324159,https://rpic.douyucdn.cn/asrpic/200430/5324159_1552.png/dy1,全斗鱼最幸运直播间,白菜mm丶,颜值
3602414,https://rpic.douyucdn.cn/live-cover/roomCover/2020/04/20/c6b7febf84760feb611df7530a3b4e19_big.jpg,距离你0.01km 3602414,海乐丶霜霜,颜值
8531988,https://rpic.douyucdn.cn/asrpic/200430/8531988_1554.png/dy1,纯享不会取名,仙境丶纯享,颜值
8426594,https://rpic.douyucdn.cn/live-cover/appCovers/2020/04/20/8426594_20200420120021_small.jpg,有点憨憨的娃娃脸妹妹,是我的小淘气,颜值
8342040,https://rpic.douyucdn.cn/asrpic/200430/8342040_1553.png/dy1,所有的美好都将与你不柒而遇,柒梦欧尼,颜值
8141359,https://rpic.douyucdn.cn/asrpic/200430/8141359_1553.png/dy1,冲！奥利给,晚柠cc,颜值
4543512,https://rpic.douyucdn.cn/live-cover/appCovers/2020/02/27/4543512_20200227211757_small.jpg,我秃了也强了,初恋璇,颜值
8582742,https://rpic.douyucdn.cn/asrpic/200430/8582742_1554.png/dy1,晴弦不咸有点甜的直播间,是晴晴呀030,颜值
8522907,https://rpic.douyucdn.cn/asrpic/200430/8522907_1554.png/dy1,四月的最后一天啦,是你的兔牙呀,颜值
7675199,https://rpic.douyucdn.cn/live-cover/appCovers/2020/04/25/7675199_20200425184336_small.jpg,粤语气人小天后,xun寻寻,颜值
3866447,https://rpic.douyucdn.cn/live-cover/appCovers/2018/04/12/3866447_20180412205544_small.jpg,情怀大哥俱乐部,十二月老铁,颜值
8598311,https://rpic.douyucdn.cn/asrpic/200430/8598311_1554.png/dy1,a銘杉的直播间,凤年铭杉,颜值
8581626,https://rpic.douyucdn.cn/asrpic/200430/8581626_1554.png/dy1,今天是来听歌还是唠嗑，你总得选一个叭,梅子酱QvQ,颜值
7685642,https://rpic.douyucdn.cn/asrpic/200430/7685642_1553.png/dy1,【欧洲渡劫直播间】梦予儿～,梦予儿,颜值
6753465,https://rpic.douyucdn.cn/asrpic/200430/6753465_1552.png/dy1,缘分真是奇妙的东西,是沁沁阿,颜值
8060531,https://rpic.douyucdn.cn/asrpic/200430/8060531_1553.png/dy1,好吃不如饺子 8060531,嫂子aimy,颜值
4205173,https://rpic.douyucdn.cn/asrpic/200430/4205173_1551.png/dy1,Tay：欧美华语流行演唱~,Tay丶璇儿,颜值
2138443,https://rpic.douyucdn.cn/asrpic/200430/2138443_1551.png/dy1,清纯女大学生在线直播~,果冻cc007,颜值
6557539,https://rpic.douyucdn.cn/asrpic/200430/6557539_1552.png/dy1,谁是大赢家,财富之神Hermes,颜值
7907431,https://rpic.douyucdn.cn/asrpic/200430/7907431_1553.png/dy1,广东潮汕弹唱妹子,金媛寶,颜值
6214141,https://rpic.douyucdn.cn/asrpic/200430/6214141_1552.png/dy1,太凉了 凉哭了,奶油爱莉丝,颜值
8544324,https://rpic.douyucdn.cn/asrpic/200430/8544324_1554.png/dy1,你的专属情歌电台,圆圆今天不在家,颜值
7027893,https://rpic.douyucdn.cn/live-cover/appCovers/2020/04/13/7027893_20200413000341_small.jpg,人间芭比❤️,鲸七七丶,颜值
7446649,https://rpic.douyucdn.cn/live-cover/appCovers/2020/03/08/7446649_20200308203716_small.jpg,厦门网友 在线尬聊,蜜桃miki,颜值
6746482,https://rpic.douyucdn.cn/asrpic/200430/6746482_1552.png/dy1,第一天直播  诚招大哥粉丝,战斗鸡雯雯,颜值
6345472,https://rpic.douyucdn.cn/asrpic/200430/6345472_1552.png/dy1,你的音乐清吧！~,栖梧灬,颜值
5591497,https://rpic.douyucdn.cn/asrpic/200430/5591497_1552.png/dy1,晚上九点公会赛，求哥哥助力！,如花吖丶,颜值
5688684,https://rpic.douyucdn.cn/asrpic/200430/5688684_1552.png/dy1,小野拯救不开心！,DBD小野吖,颜值
44292,https://rpic.douyucdn.cn/asrpic/200430/44292_1551.png/dy1,谁来保护下我呀~,九头身长腿佩佩,颜值
1853869,https://rpic.douyucdn.cn/live-cover/appCovers/2020/03/24/1853869_20200324111924_small.jpg,我都懒的理你了,顾北宁,颜值
5765095,https://rpic.douyucdn.cn/asrpic/200430/5765095_1552.png/dy1,纯天然唱跳大姐姐^ ^,蓉儿babe,颜值
4933024,https://rpic.douyucdn.cn/live-cover/appCovers/2020/02/23/4933024_20200223050145_small.jpg,我在苏州你在哪,大晶要变瘦,颜值
6642574,https://rpic.douyucdn.cn/asrpic/200430/6642574_1552.png/dy1,可可爱爱没有脑袋~ 6642574,小脸蛋阿,颜值
7430970,https://rpic.douyucdn.cn/live-cover/appCovers/2020/04/20/7430970_20200420033047_small.jpg,新人直播第一天 7430970,凌宝宝Oo丶,颜值
6642574,https://rpic.douyucdn.cn/asrpic/200430/6642574_1552.png/dy1,可可爱爱没有脑袋~ 6642574,小脸蛋阿,颜值
5344241,https://rpic.douyucdn.cn/asrpic/200430/5344241_1552.png/dy1,开心就笑一笑,巧克俪,颜值
7914101,https://rpic.douyucdn.cn/asrpic/200430/7914101_1553.png/dy1,今天是元气的憨憨唱歌主播~,沐青弦丶,颜值
511452,https://rpic.douyucdn.cn/live-cover/appCovers/2020/02/06/511452_20200206212829_small.jpg,我可能不够好，却只对你好,心心心念念,颜值
5695362,https://rpic.douyucdn.cn/live-cover/appCovers/2020/04/14/5695362_20200414143536_small.jpg,等一个一级的游侠,卖火柴的露露,颜值
1269983,https://rpic.douyucdn.cn/asrpic/200430/1269983_1551.png/dy1,打会游戏 上分 征服之海飞机上车,球小西c,颜值
7904676,https://rpic.douyucdn.cn/asrpic/200430/7904676_1553.png/dy1,为什么你不在 7904676,蕾蕾酱y,颜值
2228580,https://rpic.douyucdn.cn/live-cover/appCovers/2020/03/02/2228580_20200302161155_small.jpg,一个小主播呀 ～,米米nnn,颜值
6597029,https://rpic.douyucdn.cn/live-cover/appCovers/2020/04/20/6597029_20200420152307_small.jpg,陪我可可爱爱 6597029,养了猪,颜值
7788323,https://rpic.douyucdn.cn/live-cover/appCovers/2020/02/22/7788323_20200222200351_small.jpg,生日了，我快乐吗？祝自己天天开心吧。,Baby贺思思,颜值
6494527,https://rpic.douyucdn.cn/asrpic/200430/6494527_1552.png/dy1,一个有味道的直播间6494527,困困不困o,颜值
6902584,https://rpic.douyucdn.cn/asrpic/200430/6902584_1552.png/dy1,欢迎江浙沪一带留守儿童,爱笑的李梦儿,颜值
7359243,https://rpic.douyucdn.cn/asrpic/200430/7359243_1552.png/dy1,花月诗酒茶，星河寻年华7359243,最美皮皮陌吖,颜值
6763236,https://rpic.douyucdn.cn/asrpic/200430/6763236_1552.png/dy1,抓到一只小空姐,小空姐丶楚亦白,颜值
4609493,https://rpic.douyucdn.cn/live-cover/appCovers/2020/04/03/4609493_20200403170411_small.jpg,随缘………………,夏盈er,颜值
8112847,https://rpic.douyucdn.cn/live-cover/appCovers/2020/04/22/8112847_20200422100116_small.jpg,新人主播开播第二天 8112847,泡芙Strawberry,颜值
7819209,https://rpic.douyucdn.cn/live-cover/appCovers/2020/04/25/7819209_20200425214953_small.jpg,长沙新主播第一天7819209,是你的嘻嘻呢,颜值
5319326,https://rpic.douyucdn.cn/live-cover/appCovers/2020/04/29/5319326_20200429043924_small.jpg,“我们爱过又忘记”,漩涡三两,颜值
2449973,https://rpic.douyucdn.cn/live-cover/appCovers/2020/04/15/2449973_20200415193900_small.jpg,新人主播想要渡劫啊啊啊,Wuli伊凡,颜值
3458077,https://rpic.douyucdn.cn/live-cover/appCovers/2020/04/23/3458077_20200423001504_small.jpg,可甜可盐系的辣女孩,好吃的牙儿丶,颜值
8183728,https://rpic.douyucdn.cn/asrpic/200430/8183728_1553.png/dy1,浙江小改改~,丶乐多丶,颜值
6914178,https://rpic.douyucdn.cn/asrpic/200430/6914178_1552.png/dy1,新人主播，盼君共勉,Li果果吖,颜值
7436252,https://rpic.douyucdn.cn/asrpic/200430/7436252_1552.png/dy1,天津萌新业余唱歌主播,炑璇,颜值
6458853,https://rpic.douyucdn.cn/asrpic/200430/6458853_1552.png/dy1,做一个快乐的人 6458853,艾玉er,颜值
8338360,https://rpic.douyucdn.cn/live-cover/appCovers/2020/04/30/8338360_20200430112251_small.jpg,最后一天了 冲鸭！,欣然jessica,颜值
8157662,https://rpic.douyucdn.cn/live-cover/appCovers/2020/03/24/8157662_20200324004211_small.jpg,和雷佳音聊聊天吧,温亮亮亮亮,颜值
4548468,https://rpic.douyucdn.cn/asrpic/200430/4548468_1551.png/dy1,一个即将到期的主播！！,牛小豪,颜值
8604157,https://rpic.douyucdn.cn/live-cover/appCovers/2020/04/30/8604157_20200430140743_small.jpg,是你想见的朵朵呀~,唐耳朵朵,颜值
8114978,https://rpic.douyucdn.cn/live-cover/appCovers/2020/03/26/8114978_20200326210512_small.jpg,欢迎大家哦！！！！,陈二仙儿,颜值
6767611,https://rpic.douyucdn.cn/live-cover/appCovers/2020/03/19/6767611_20200319001043_small.jpg,只要最后是你，晚点来也没关系的。,玥亮姐姐爱吃糖,颜值
8389647,https://rpic.douyucdn.cn/asrpic/200430/8389647_1553.png/dy1,嗨~等你好久了 快来吧,桃子酱ov,颜值
6704438,https://rpic.douyucdn.cn/asrpic/200430/6704438_1552.png/dy1,新惩罚，新玩法,爱上女团,颜值
7820324,https://rpic.douyucdn.cn/asrpic/200430/7820324_1553.png/dy1,一个唱歌主播,奶思baby不吃鱼,颜值
8580287,https://rpic.douyucdn.cn/asrpic/200430/8580287_1554.png/dy1,南方姑娘8580287,王饱饱同学,颜值
7727075,https://rpic.douyucdn.cn/asrpic/200430/7727075_1553.png/dy1,亦可不才  自认是匹千里马 却不遇伯乐,陳亦可,颜值
8386337,https://rpic.douyucdn.cn/asrpic/200430/8386337_1553.png/dy1,我真的不想再百度个性签名了,小唐不吃糖tt,颜值
7723008,https://rpic.douyucdn.cn/live-cover/appCovers/2020/04/21/7723008_20200421132852_small.jpg,铁汁 今天也要开心哦,酥酥就是小酥酥,颜值
3397784,https://rpic.douyucdn.cn/live-cover/appCovers/2020/03/30/3397784_20200330120157_small.jpg,日久见人心 3397784,睡不醒的李小白,颜值
7934979,https://rpic.douyucdn.cn/asrpic/200430/7934979_1553.png/dy1,干啥啥不行，吃饭第一名 7934979,小青酱QAQ,颜值
5972339,https://rpic.douyucdn.cn/live-cover/appCovers/2020/04/19/5972339_20200419213857_small.jpg,王多鱼 进来投项目啦,凯蒂bb,颜值
3397784,https://rpic.douyucdn.cn/live-cover/appCovers/2020/03/30/3397784_20200330120157_small.jpg,日久见人心 3397784,睡不醒的李小白,颜值
7934979,https://rpic.douyucdn.cn/asrpic/200430/7934979_1553.png/dy1,干啥啥不行，吃饭第一名 7934979,小青酱QAQ,颜值
7556288,https://rpic.douyucdn.cn/asrpic/200430/7556288_1552.png/dy1,我就要做你的偏爱和例外,贝贝bay,颜值
8369438,https://rpic.douyucdn.cn/asrpic/200430/8369438_1553.png/dy1,挑战连续开播100天,不正经的草莓i,颜值
7562088,https://rpic.douyucdn.cn/asrpic/200430/7562088_1552.png/dy1,最后一天 7562088,7雯呀,颜值
8453868,https://rpic.douyucdn.cn/asrpic/200430/8453868_1553.png/dy1,这是一个有香气的直播间,奶凶奶凶滴,颜值
7872260,https://rpic.douyucdn.cn/asrpic/200430/7872260_1553.png/dy1,本人比照片好看系列 7872260,sweet甜甜酱,颜值
756836,https://rpic.douyucdn.cn/live-cover/appCovers/2020/03/25/756836_20200325202003_small.jpg,总有些惊奇的际遇，比如我遇见你。,我是你的夏夏啊,颜值
7856418,https://rpic.douyucdn.cn/live-cover/appCovers/2020/01/13/7856418_20200113204355_small.jpg,最后一天也要努力鸭,主持人吉豆儿,颜值
8318839,https://rpic.douyucdn.cn/live-cover/appCovers/2020/04/17/8318839_20200417124213_small.jpg,四月最后一天 不过30级不下播！！！！,一个梁梁梁,颜值
555591,https://rpic.douyucdn.cn/asrpic/200430/555591_1551.png/dy1,恭喜发财 欢迎老板,一条肥肥啾,颜值
4876633,https://rpic.douyucdn.cn/asrpic/200430/4876633_1552.png/dy1,来聊天呀。。 4876633,优优崽Zz,颜值
7731215,https://rpic.douyucdn.cn/asrpic/200430/7731215_1553.png/dy1,一心很甜呦,一心有点甜,颜值
7630841,https://rpic.douyucdn.cn/asrpic/200430/7630841_1553.png/dy1,哥哥过个五星吧,Henry阮,颜值
3845571,https://rpic.douyucdn.cn/live-cover/appCovers/2020/04/23/3845571_20200423162020_small.jpg,我多想能多陪你一场 把前半生的风景对你讲,禾苗儿777,颜值
7779166,https://rpic.douyucdn.cn/asrpic/200430/7779166_1553.png/dy1,有多久没见你 7779166,糖小梦dd,颜值
7273875,https://rpic.douyucdn.cn/live-cover/roomCover/2020/04/26/183f68510a8db153d5537f88d7f94f61_big.jpg,新主播第一天 7273875,静静乖球的,颜值
6951734,https://rpic.douyucdn.cn/live-cover/appCovers/2020/04/18/6951734_20200418183914_small.jpg,给鸟渡个劫吧,喵喵喵喵小旋,颜值
6822316,https://rpic.douyucdn.cn/live-cover/appCovers/2020/04/24/6822316_20200424091115_small.jpg,没有伞的孩子要努力奔跑,董幼幼,颜值
4512675,https://rpic.douyucdn.cn/live-cover/appCovers/2020/04/14/4512675_20200414200334_small.jpg,“保护我方猪猪”,猪猪莹妹儿丶,颜值
6539854,https://rpic.douyucdn.cn/asrpic/200430/6539854_0224.png/dy1,月底冲流水，有大哥抬一手吗,野生的艾筱筱,颜值
8533390,https://rpic.douyucdn.cn/asrpic/200430/8533390_1554.png/dy1,招财猫来咯~关注她,猫一姐姐,颜值
6932960,https://rpic.douyucdn.cn/asrpic/200430/6932960_1552.png/dy1,安徽小姐姐了解一哈,是舒雅吖,颜值
7685642,https://rpic.douyucdn.cn/asrpic/200430/7685642_1553.png/dy1,【欧洲渡劫直播间】梦予儿～,梦予儿,颜值
7694082,https://rpic.douyucdn.cn/asrpic/200430/7694082_1553.png/dy1,新人多关照 7694082,珂珂Dr,颜值
8621152,https://rpic.douyucdn.cn/asrpic/200430/8621152_1554.png/dy1,没关系 多久我都等你,牙牙LE,颜值
4056762,https://rpic.douyucdn.cn/live-cover/appCovers/2020/03/27/4056762_20200327075252_small.jpg,有计划吗？喜欢我的计划,大宁妹妹,颜值
2074766,https://rpic.douyucdn.cn/live-cover/appCovers/2020/04/27/2074766_20200427181159_small.jpg,一见如故，眉目成书,冷伊宁,颜值
5482063,https://rpic.douyucdn.cn/asrpic/200430/5482063_1552.png/dy1,拜托了 只想过个五星而已~,小布丁有好多鱼,颜值
8143877,https://rpic.douyucdn.cn/live-cover/roomCover/2020/04/30/195427ace91d47f0c0e66a169d894a46_big.jpg,我是你的小宝贝嘛,桃宫莓哦,颜值
5482063,https://rpic.douyucdn.cn/asrpic/200430/5482063_1552.png/dy1,拜托了 只想过个五星而已~,小布丁有好多鱼,颜值
7964768,https://rpic.douyucdn.cn/asrpic/200430/7964768_1553.png/dy1,南航174小姐姐本人比照片好看,柯柯小姐姐,颜值
5455751,https://rpic.douyucdn.cn/live-cover/appCovers/2020/04/02/5455751_20200402094523_small.jpg,认识一哈～,吃饱困zZ,颜值
7034934,https://rpic.douyucdn.cn/live-cover/appCovers/2020/04/16/7034934_20200416100715_small.jpg,加油 你是最胖的,小小小仙儿吖,颜值
8579754,https://rpic.douyucdn.cn/asrpic/200430/8579754_1554.png/dy1,愿所有美好如期而至,蓝迪598,颜值
2279172,https://rpic.douyucdn.cn/asrpic/200430/2279172_1551.png/dy1,厦门木子专职瞎比比,木子ICEM,颜值
5303763,https://rpic.douyucdn.cn/live-cover/appCovers/2020/04/16/5303763_20200416061725_small.jpg,海与山 风和月,小北熙ya,颜值
7729151,https://rpic.douyucdn.cn/live-cover/appCovers/2020/02/25/7729151_20200225094807_small.jpg,你是真的很想逃   但你根本逃不掉,嘟嘟小胖脸儿,颜值
8634116,https://rpic.douyucdn.cn/live-cover/appCovers/2020/04/24/8634116_20200424131418_small.jpg,李家的木子单的直播间,李家的木子单,颜值
8635371,https://rpic.douyucdn.cn/live-cover/appCovers/2020/04/25/8635371_20200425175901_small.jpg,新人主播，唠嗑嗑。。。,谁的皮皮哈,颜值
